date,maxtp,mintp,rain,cbl,wdsp,hg,sun,g_rad,pe,evap
2022/1/1,14.8,9.7,0,994,14.8,40,5.3,288,0.9,0.9
2022/1/2,10.8,8.1,0.1,992.4,11.7,32,3.1,245,0.8,0.9
2022/1/3,9.8,2.1,1.8,990.9,12.3,30,4,256,0.7,0.8
2022/1/4,3.8,-0.3,0,997.5,12,23,5.7,307,0.4,0.4
2022/1/5,5.3,-0.8,0,1006.1,8.4,19,4.6,321,0.4,0.5
2022/1/6,9,-0.1,3.5,1000,11.2,31,1.3,139,0.6,0.8
2022/1/7,6.8,0.3,2.7,997.4,9.2,24,1.4,150,0.3,0.5
2022/1/8,9.5,2.1,2.3,990.1,12.6,30,2.4,226,0.3,0.3
2022/1/9,7.4,1.6,0.2,992.1,9.1,24,1.9,242,0.3,0.4
2022/1/10,12.1,6.2,0.7,1004.3,6.5,20,0.1,204,0.3,0.4
2022/1/11,8.3,4.3,0,1019.5,5.5,14,5.3,316,0.2,0.3
2022/1/12,10.1,4,0,1028.9,5.5,15,7.1,396,0.2,0.3
2022/1/13,6.2,2,0,1029.7,4.7,18,2,231,0.3,0.4
2022/1/14,7.4,-1.2,0,1023.5,3,10,2.5,257,0.1,0.3
2022/1/15,7.9,-2,0.2,1013.9,3.8,11,0,108,0.3,0.4
2022/1/16,7.4,0.1,0,1018.4,8,18,4.3,346,0.2,0.2
2022/1/17,7.6,-3.1,0,1027.3,4,10,7.4,426,0.1,0.2
2022/1/18,9.4,-4,0,1021.4,6.2,21,1,237,0.2,0.3
2022/1/19,,2.6,0.4,1020.3,11.1,34,4.9,392,0.2,0.3
2022/1/20,6.3,0.6,0,1028.8,6.7,15,0.9,260,0.3,0.4
2022/1/21,6.4,4.3,0,1030,6.6,17,0,157,0.6,0.8
2022/1/22,7.4,4.6,0,1027.1,5.2,15,0.5,190,0.4,0.5
2022/1/23,7.2,5.1,0,1022.8,6.2,19,0.1,171,0.7,0.9
2022/1/24,8.7,0.3,0,1021.2,5.1,14,5.3,411,0.3,0.4
2022/1/25,7.5,3.2,0,1022.8,4,12,0,123,0.5,0.7
2022/1/26,10.1,4.7,0.2,1018.4,9,27,5.1,454,0.3,0.4
2022/1/27,10.3,3.4,1,1019.1,9.5,21,3.5,386,0.2,0.3
2022/1/28,12,3.3,0,1020.4,9.6,31,0.5,334,0.5,0.6
2022/1/29,11.7,1.4,0.4,1018.9,15.8,40,2.5,406,0.3,0.5
2022/1/30,8.8,1.6,0.9,1017.5,11.4,40,1,282,0.4,0.6
2022/1/31,9,3.9,0,1016.7,14.3,34,3,348,0.7,1
2022/2/1,10.8,8.5,0.3,1013.4,18.5,34,0.1,252,0.7,0.9
2022/2/2,10.3,7.6,0,1009.5,8.7,28,0,179,0.5,0.7
2022/2/3,11.4,4.5,3.5,999.3,10.7,36,4.3,448,0.7,0.8
2022/2/4,6.6,1.6,1,1002.4,11.8,33,5.9,550,0.5,0.7
2022/2/5,9.5,2.4,4.5,1000.8,14,35,0,215,0.6,0.9
2022/2/6,9.2,3.6,3.4,1000.7,16.8,43,3.9,489,0.7,1
2022/2/7,11.4,3.1,0,1010.8,9.4,28,0.8,312,0.6,0.8
2022/2/8,11.3,7.9,5,1010.2,9.8,28,0,233,0.5,0.7
2022/2/9,7.9,2.7,0.1,1011,8.7,26,3.2,506,0.4,0.6
2022/2/10,7,0.9,0,1014.4,11.9,29,6.9,672,0.8,1.1
2022/2/11,8.4,0.6,0.2,1013.6,10.9,34,2.6,491,0.8,1.1
2022/2/12,11.2,7.1,0.5,1000.2,12.6,35,2.4,398,0.9,1.2
2022/2/13,9,4.3,12.1,985.2,10,27,0.1,306,0.4,0.6
2022/2/14,8.3,3.3,0.5,990.4,14.3,34,5,628,0.9,1.3
2022/2/15,10.9,5.8,6.3,986.5,11.8,35,0,311,0.7,1
2022/2/16,13.5,6.3,2.4,982.2,18,47,0.8,340,0.9,1.3
2022/2/17,7.2,3.1,5.2,991.5,10.2,29,1.4,463,0.8,1
2022/2/18,7.6,0.5,5,982.3,17.5,54,2.5,479,0.6,1
2022/2/19,10.4,1,12.9,992.9,10.4,33,0.6,423,0.6,0.9
2022/2/20,11.4,1,16,985.2,17.7,52,0.2,150,0.6,1
2022/2/21,9.8,2.6,0.4,999.2,19.1,50,2.7,575,1,1.6
2022/2/22,10.8,5.7,3.4,1003.6,14.7,41,7.8,902,1.1,1.6
2022/2/23,11.9,3.3,1.6,1002.5,14.6,37,5.7,795,1.4,1.9
2022/2/24,6.4,0.3,0.8,1000.1,12.2,38,6.8,892,0.9,1.4
2022/2/25,10.6,2.1,0,1011.6,9.7,25,6,839,1.1,1.5
2022/2/26,11,7.6,0,1009.8,16.8,40,0.4,402,1.9,2.5
2022/2/27,9.2,6.7,0.3,1004,13.9,32,1.5,400,1.1,1.5
2022/2/28,9.6,-1.1,3.1,1009.8,7.3,25,1,330,0.4,0.7
2022/3/1,8.2,-4.4,0,1016.7,8.4,25,9.8,1142,0.7,1.2
2022/3/2,8.8,5.7,5.6,1005.8,11.5,28,0,83,0.6,0.8
2022/3/3,9.8,3.4,0,1004.6,7.2,18,6.6,988,0.9,1.3
2022/3/4,8.5,-1.7,0,1013.7,9.9,20,9.4,1186,1,1.6
2022/3/5,8,-3.1,0,1020.1,8,21,10,1215,1,1.6
2022/3/6,8.2,-3.9,0,1021.2,6.7,18,8.7,1066,1,1.5
2022/3/7,6.4,0.7,0,1010.2,11.2,33,2.1,788,1.1,1.7
2022/3/8,12,4.4,0.6,995.8,16.5,39,1.6,511,2,2.7
2022/3/9,9.7,3.6,15.5,995.3,13.5,37,0.1,305,0.6,0.9
2022/3/10,10.9,3.2,0.9,996.2,9.5,28,6.8,1170,1.5,2.1
2022/3/11,11.9,6.4,4.3,986.2,10.7,29,1.7,422,1.1,1.4
2022/3/12,9.8,4.9,8.5,986.6,10.9,39,3.3,747,1.3,1.8
2022/3/13,11.9,5.3,6.6,989.9,14.6,44,4.9,955,1.7,2.4
2022/3/14,11.2,1.4,2.2,1007.2,8.4,25,4,842,1.1,1.6
2022/3/15,11.4,0.2,0,1007.9,6.5,20,2.4,821,1.2,1.7
2022/3/16,9.5,3.6,0.3,1010,8,19,5.9,1125,1.3,1.9
2022/3/17,14.2,1.6,0.1,1020,9,30,6,1048,1.7,2.3
2022/3/18,12.6,-1.4,0,1028.2,7,20,11.2,1547,1.4,2.1
2022/3/19,13.9,4.1,0,1023.4,13.2,32,10.9,1589,2.3,3.3
2022/3/20,9.7,5.3,0,1016.4,10,24,8.8,1392,1.7,2.5
2022/3/21,11.9,5.8,0,1013.8,9,20,5.4,1159,1.7,2.3
2022/3/22,15.3,3.4,0,1015,8.5,21,10.7,1435,1.7,2.5
2022/3/23,15.5,0.8,0,1017.8,5.7,15,9.7,1464,1.7,2.5
2022/3/24,17.6,3.1,0,1019.7,3.5,11,7.5,1288,1.8,2.4
2022/3/25,16.1,1.2,0,1021.7,4.5,11,8.3,1462,1.6,2.3
2022/3/26,15.5,-1.3,0,1023.8,4.6,14,11.3,1649,1.7,2.4
2022/3/27,13.5,0.7,0,1020.7,5.5,14,11.6,1730,1.6,2.4
2022/3/28,15,-0.3,0,1012.4,4,15,11.7,1728,1.7,2.4
2022/3/29,12.6,3.3,0,1003.9,4.3,13,5.1,1028,1.2,1.7
2022/3/30,7.8,1.3,0.8,1001.1,10.2,27,0.2,660,0.9,1.4
2022/3/31,7.9,-1.4,0,1007.9,11.8,27,7.4,1526,1.9,3
2022/4/1,8.5,-2.5,1.6,1013.3,9.7,20,6.6,1379,1.3,2.2
2022/4/2,9.3,-2.9,0.4,1015.4,8,19,5.7,1368,1.4,2.1
2022/4/3,12.5,-3.7,1,1012.6,9.5,29,8.4,1699,1.6,2.5
2022/4/4,13.3,8.7,0.1,1004.3,19.3,35,0.3,863,1.3,2.2
2022/4/5,12.8,8.4,2.1,994.6,14.4,33,0.5,946,1.7,2.6
2022/4/6,11.9,6.1,2.4,978,15.5,43,5.3,1405,2.1,3.3
2022/4/7,10.7,1.1,0.1,980.1,18.8,42,7.4,1579,2.1,3.6
2022/4/8,9.6,-1.9,0.2,997.1,10,27,8.9,1505,1.7,2.7
2022/4/9,10.5,-1.1,0,1006,7.6,17,7.8,1625,1.9,2.8
2022/4/10,9.7,-2.6,0.1,1003.9,10.6,29,0.1,811,1.2,1.8
2022/4/11,11.7,7.7,1.7,995.8,11.5,30,1.8,764,1.8,2.5
2022/4/12,9.7,4.7,6.5,995.2,5.9,21,0,241,0.5,0.7
2022/4/13,16.4,4.8,0,1002.9,5.3,15,2.4,1174,1.8,2.5
2022/4/14,14.1,3.2,0,1009.3,5.3,16,0.1,876,1.4,1.9
2022/4/15,17.3,6.7,0,1012.9,6.5,17,4.6,1297,2,2.8
2022/4/16,16.1,5.1,0,1014.8,5.6,20,3.8,1467,2.1,2.9
2022/4/17,12.7,7.5,2.9,1007.9,7.1,22,0.3,509,1,1.4
2022/4/18,11.7,3.4,1.5,1005.5,6,17,5,1279,1.7,2.5
2022/4/19,12,-0.5,0,1009.1,5.6,15,11.9,2222,2.2,3.3
2022/4/20,14.3,-2.4,0,1007.2,5.2,17,13.3,2325,2.4,3.5
2022/4/21,14,1.1,0,1003.1,11.6,27,9.4,2073,2.2,3.6
2022/4/22,14.6,7.4,0,1002.6,14,29,5.6,1478,2.6,3.9
2022/4/23,14,6.5,0,1000.8,15,33,6.2,1454,2.3,3.6
2022/4/24,13.3,5.9,0,1004.5,13.8,29,13.7,2388,2.7,4.5
2022/4/25,11.6,3.3,0,1008.5,8,19,6.3,1726,2.1,3.1
2022/4/26,12.9,0.9,0,1013,7.1,21,7.3,1885,2,3.1
2022/4/27,12,-0.4,0,1018.6,7.5,19,9.5,1942,1.8,2.9
2022/4/28,12,-0.4,0,1022.2,5.4,15,6.7,1773,1.9,2.8
2022/4/29,12.7,-1,0,1022.5,5.4,15,9.5,1977,2.2,3.2
2022/4/30,12.2,6.9,7.5,1016.8,5.1,17,0,617,1.1,1.5
2022/5/1,12.8,6.9,6.4,1010.5,6.3,19,0.1,610,1.1,1.5
2022/5/2,15,7.3,0.1,1011.4,3,11,0.1,801,1.3,1.8
2022/5/3,16.3,8.8,0,1009.8,4.6,20,1.7,1095,1.8,2.5
2022/5/4,16.8,6.7,0,1009.5,10,25,8,2029,2.7,4.1
2022/5/5,16.6,8.3,0,1013.3,5.6,13,0.6,1052,1.8,2.5
2022/5/6,15.1,7.9,9.6,1014,7.2,22,0.7,795,1.2,1.7
2022/5/7,14.8,3.8,0.1,1017.8,5,13,5.9,1896,2.2,3.2
2022/5/8,19.9,3.4,0,1014.9,6.9,20,13.4,2554,3.4,4.9
2022/5/9,15,10,1.7,1005.5,11.2,33,0.1,574,1.6,2.2
2022/5/10,16.8,9.3,0.1,997.8,11.2,33,7.8,2285,3.5,5.1
2022/5/11,16.3,8.8,0.2,999,11,29,7.3,2021,3.1,4.6
2022/5/12,14.7,6,0.7,1004.8,8.8,25,3.3,1414,2.2,3.2
2022/5/13,18.1,10.1,0,1006.2,11.8,29,7.6,1857,3.6,5
2022/5/14,16.2,8.8,0,1009,6.3,17,12.4,2611,3.4,4.8
2022/5/15,16.4,8.7,1.6,1002.8,7,19,3.1,1674,2.3,3.4
2022/5/16,19.4,11.6,5.7,999,8.8,23,4.6,1607,2.9,4
2022/5/17,15.4,9.3,11.4,1000,8.2,20,0.8,588,1.3,1.8
2022/5/18,16.3,9.9,1.5,1001.3,12.6,32,3.4,1441,2.6,3.9
2022/5/19,17.6,6.9,0,1004,9.8,26,13.4,2388,3.4,5.1
2022/5/20,16.3,10,0.5,1003.8,10.8,30,6.4,1721,2.8,4.1
2022/5/21,17.6,10,0.1,1005.9,8.2,21,1.2,1398,1.8,2.2
2022/5/22,17.6,9.7,1.3,998.8,8.8,24,2,1272,2.5,3.4
2022/5/23,15.7,8.4,1.3,992.9,9.1,26,5.7,1946,2.8,4.2
2022/5/24,16.6,7.8,0,995.4,11,25,5.4,2032,3.2,4.7
2022/5/25,17.6,9.8,0.7,1000.2,13.2,31,6.7,2156,3.3,5
2022/5/26,17.6,7.9,2,1009,13,31,5.5,1993,2.9,4.5
2022/5/27,16.8,5,0,1016.4,10.6,26,14.4,2944,3.8,5.9
2022/5/28,16.8,2.4,0,1017.2,5.2,15,10,2218,3,4.2
2022/5/29,13.8,2.3,0,1011.4,8.2,26,9.1,2289,2.4,3.9
2022/5/30,13.5,4.9,0.8,1004,9.7,26,0.4,1202,1.9,2.9
2022/5/31,15.4,3.4,2.6,1003.7,10,27,5.8,1749,2.4,3.7
2022/6/1,16.2,3.2,1.3,1007.8,6.2,15,12.9,2636,3.3,4.8
2022/6/2,15.6,2.3,5.4,1008.3,5.1,17,4,1353,2,2.8
2022/6/3,15.4,9.4,0.7,1010.4,9.1,26,6.1,1793,2.4,3.7
2022/6/4,14.8,10.9,0,1011.9,14.6,29,6.9,2272,3.1,5.1
2022/6/5,11.5,10.2,3.8,1007.8,10.5,20,0,466,1,1.5
2022/6/6,15.6,5.1,0,1005.2,6.6,15,8.8,2469,2.9,4.4
2022/6/7,16.3,3.2,0.4,996.9,6.8,20,9.7,2433,2.7,4.1
2022/6/8,18.3,11.3,1.3,993.8,11.5,32,10.1,2454,3.7,5.5
2022/6/9,20.3,10.8,4.9,998.9,8.3,25,4.6,1496,2.7,3.8
2022/6/10,18.5,11.8,4.6,1001.5,11,32,9.7,2013,3.1,4.7
2022/6/11,18.2,11.3,0.8,1006.5,11.2,29,6.2,1946,3.4,4.9
2022/6/12,16.2,10.2,0.3,1012.7,12,30,4.7,1725,2.9,4.4
2022/6/13,15.7,10.2,0,1014.4,7.5,17,0.2,1235,2.4,3.3
2022/6/14,17.3,10.3,0,1011,5.7,17,1.6,1621,3,4
2022/6/15,19.4,9,0,1009.6,5.2,15,10.3,2553,3.8,5.2
2022/6/16,22.6,10.1,0,1008.8,5.6,17,3.6,1856,3.5,4.6
2022/6/17,18.9,11.3,0,1007.6,8.7,25,0.2,895,2.3,3
2022/6/18,16,6.5,0,1011.3,9.2,22,4.8,1584,2.6,3.8
2022/6/19,17.4,8.1,0,1009.3,12.4,26,6.2,1827,3.1,4.6
2022/6/20,20.2,5.6,0,1009.7,5.8,15,15.5,2960,4,5.7
2022/6/21,18.2,11.3,0,1005.8,5,15,0.3,1278,2.3,3.1
2022/6/22,19.1,13.8,0.7,1004.5,3.2,9,0.1,994,2,2.5
2022/6/23,21.9,13.7,0,997.7,4.7,12,3.9,1691,3.1,4
2022/6/24,18.3,11.5,1.3,987.3,8.4,24,4.2,1341,2.3,3.3
2022/6/25,17.8,9.4,1.1,985.3,12.3,33,7.7,2232,3.6,5.3
2022/6/26,18.3,10.9,7.7,991.8,10.5,28,4.2,1839,3.1,4.5
2022/6/27,16.9,8.7,0.4,1000.4,9.5,24,6.7,2017,3.2,4.6
2022/6/28,18.8,12.3,6.8,996.9,10,30,4.5,1592,3,4.2
2022/6/29,18.5,11,1.5,997.3,6.2,16,4.5,1697,2.9,4
2022/6/30,17.6,11.1,0.6,1000.8,7.1,19,1.3,1310,2.5,3.4
2022/7/1,17.6,11.3,2.5,1001.7,6.8,19,1.5,1326,2.4,3.2
2022/7/2,19.4,10.7,1.1,1004.4,7,21,4.3,1686,2.9,4
2022/7/3,18.3,10,0.2,1009.1,12,26,3.6,1943,3.2,4.7
2022/7/4,18.1,11,0.4,1011.7,12.2,24,3.8,1654,3.2,4.5
2022/7/5,19.7,11.8,0.1,1016.2,10.8,20,0.5,1073,2.4,3.3
2022/7/6,20.1,14.2,0,1018.1,15.6,31,2.1,1615,2.9,4.5
2022/7/7,22.4,13.3,0,1021.5,10.7,25,7.7,2093,3.5,5.1
2022/7/8,21,10.5,0,1024,9.5,20,4.1,1998,3.1,4.5
2022/7/9,21,15.4,0,1022.6,8.3,18,1.6,1437,2.8,3.8
2022/7/10,21.4,10.8,0,1017.7,5.5,15,10.9,2626,3.9,5.4
2022/7/11,27.2,8.9,0,1011.2,5.5,21,5.9,2041,4,5.2
2022/7/12,22.1,10.8,1,1011.4,7.3,19,1.2,1103,2.3,3.1
2022/7/13,20.4,10.2,0,1014.4,9.8,23,9.2,2311,3.9,5.5
2022/7/14,19.7,10.9,0,1015.5,9.8,21,8.2,2015,3.4,4.8
2022/7/15,21.1,11.6,0,1014.6,8.7,21,5.6,2033,3.5,4.9
2022/7/16,22.2,10.2,0.2,1014.4,5,14,9.9,2434,3.6,5
2022/7/17,27.8,14.2,0,1010.8,6,19,7.4,2233,4.4,5.7
2022/7/18,29.1,12.9,0,1005.2,4.5,14,9.4,2256,4.5,5.8
2022/7/19,26.5,14.3,0.4,1001.2,6.2,18,6,1784,3.6,4.7
2022/7/20,19,12.6,0,1009,11.7,24,0.9,1357,2.8,3.9
2022/7/21,18,10.6,0,1014.2,5.9,14,0.2,1246,2.5,3.3
2022/7/22,20,10.9,0,1009.9,5.2,15,8.5,2156,3.4,4.6
2022/7/23,23.1,14.4,5.1,1001.5,8.8,26,1.1,1029,2.5,3.2
2022/7/24,23.2,14.9,6.2,994.8,10.2,32,6.8,1763,3.3,4.6
2022/7/25,19.1,12.7,0.2,1002.2,14.3,33,2.2,1473,2.9,4.2
2022/7/26,17.9,9,0,1011.8,6.8,17,2,1457,2.7,3.6
2022/7/27,16.6,6.6,0,1010.2,5.1,13,1.1,1338,2.1,2.9
2022/7/28,17.9,10.2,0,1007,4.8,18,2.2,1638,2.5,3.4
2022/7/29,21.5,10.1,0.2,1006.8,5.6,17,1.2,1195,2.3,3.1
2022/7/30,20.6,15.3,9.1,1004.5,7.3,21,0.1,696,1.5,2.1
2022/7/31,19.4,11.1,2.9,1006.6,5.3,13,2.4,1272,2.1,2.9
2022/8/1,20.7,8.5,1.9,1003.8,7.5,28,4.7,1255,1.9,2.8
2022/8/2,24.5,16.9,0.2,997.6,10,27,6.1,1657,3.5,4.7
2022/8/3,20.4,11.1,0,1000.8,11.5,27,6.1,1866,3.1,4.5
2022/8/4,18.3,8.9,0,1008.4,11.6,26,8.6,1878,3.3,4.7
2022/8/5,19.1,6,0,1016,9.2,22,5.7,1822,2.9,4.2
2022/8/6,19.7,7,0,1019.2,7.6,19,6.6,1667,2.8,3.9
2022/8/7,22.2,10.7,0,1017.2,8,20,12.5,2263,3.7,5.1
2022/8/8,22.5,8.7,0,1018.5,5,17,13.1,2412,3.6,4.9
2022/8/9,23.7,10.3,0,1019.2,5.2,14,14.5,2405,3.8,5.1
2022/8/10,25.7,10.1,0,1015.8,5.2,14,14.2,2492,4.3,5.6
2022/8/11,26.3,9.5,0,1012.8,4.6,14,14.3,2490,4.2,5.5
2022/8/12,25.3,10,0,1010.3,6.5,23,13.9,2436,4,5.4
2022/8/13,24.3,10,0,1005,6.5,23,12.6,2257,3.6,4.9
2022/8/14,25.3,11.3,0.6,998.5,5.3,19,6,1621,3,3.9
2022/8/15,21.2,13.9,26.8,995.5,4.9,15,1.4,936,1.7,2.3
2022/8/16,18,10.7,0,1001.9,11.8,21,0.3,906,2.1,2.9
2022/8/17,17.7,9.8,0.1,1006.3,6.3,15,1.7,1078,1.9,2.6
2022/8/18,22.1,13,0.4,1000.9,8.3,27,3.5,1101,2.5,3.2
2022/8/19,20,11.6,0,1002.3,9.2,27,5.7,1509,2.8,3.9
2022/8/20,22.7,11.5,0.7,1001.8,10.9,30,4.1,1387,3.1,4.1
2022/8/21,19.6,9.2,0,1003.8,6.7,16,10.8,2216,3.1,4.3
2022/8/22,23,13.8,1.2,1000.5,6,19,2.5,1154,2.3,3
2022/8/23,22.9,15.7,0.5,999.8,5.7,15,6.2,1696,3.1,4.1
2022/8/24,19.7,12.6,2.1,1004.4,6.7,23,3.8,1302,2.4,3.2
2022/8/25,19.8,10.7,0,1009.1,5.5,15,5.9,1467,2.6,3.4
2022/8/26,18.1,7.8,0,1009.4,6.9,18,1.4,869,1.6,2.2
2022/8/27,19.9,6.6,0,1011.2,4.1,16,11.5,1882,2.6,3.5
2022/8/28,17.8,9.8,0,1012.8,5.2,17,0,819,1.5,2
2022/8/29,21.5,12,0,1014.3,8.4,19,7.7,1579,2.5,3.5
2022/8/30,19.1,10.5,0,1016.8,8.5,19,8.1,1754,2.4,3.4
2022/8/31,18.2,8.4,0.1,1017.2,8,20,8.5,1638,2.1,3.1
2022/9/1,19.3,12.9,0,1012,8.7,23,6.4,1737,2.6,3.6
2022/9/2,20.1,11.9,0,1001.8,5.2,13,1,832,2,2.5
2022/9/3,16.3,11.4,19.5,994.2,6.9,26,0.2,193,1,1.2
2022/9/4,19.7,10.3,27.8,994.5,11.4,35,10.9,1962,2.3,3.7
2022/9/5,19.5,11,3.1,998.4,11.2,31,7.2,1512,2.1,3.2
2022/9/6,17.3,13.3,6.9,994.8,10.5,27,1.6,837,1.4,2
2022/9/7,18.2,14,15.1,991.6,10.3,26,4,948,1.6,2.3
2022/9/8,17.9,13.6,3.4,993.2,10.3,27,2.2,879,1.5,2.2
2022/9/9,18.5,9.6,8,1000.7,8.7,21,1.9,832,1.3,1.8
2022/9/10,19.3,6.5,0,1007.4,5.2,13,10.3,1695,2,2.9
2022/9/11,19.5,8.7,10.3,1003.2,8.2,23,0.2,371,0.9,1.2
2022/9/12,17.8,7.2,1.3,1001.7,5.2,19,0,449,0.8,1.1
2022/9/13,16.9,4.9,0,1003.2,5.7,21,4.2,1171,1.6,2.2
2022/9/14,16.4,7.3,0,1002.7,8.9,20,0.2,770,1.4,1.9
2022/9/15,17.3,8.4,0,1007.5,9.5,20,2.1,1062,1.9,2.5
2022/9/16,16.4,4.6,0,1013.2,9.5,23,8.5,1407,2.1,2.9
2022/9/17,15.5,3.1,0,1015.3,7,16,8.9,1514,1.9,2.7
2022/9/18,17.9,7.3,0,1014.1,7,18,7.9,1420,2,2.7
2022/9/19,17.4,11.5,0,1015.2,4.1,10,0.2,652,1.4,1.8
2022/9/20,19.2,11.9,0,1015,4.5,13,4.7,1151,1.9,2.5
2022/9/21,18.5,11.5,0,1010.8,7.8,21,3.1,944,1.8,2.3
2022/9/22,16.7,8,20.3,1005.8,6.2,22,0.6,369,0.8,1.1
2022/9/23,16.9,6,0.6,1008.9,7.8,22,4.5,1085,1.5,2.1
2022/9/24,15.1,5,0,1012.5,9,22,4.9,1047,1.5,2.1
2022/9/25,14.3,3.8,0.6,1005.5,10.6,33,0.3,654,0.8,1.3
2022/9/26,14.7,9.1,0.1,997.3,16.5,39,5.3,1076,1.4,2.2
2022/9/27,12.5,7,0.4,995,12.5,25,0,373,1,1.4
2022/9/28,13.6,6.3,1.5,994.5,10.5,25,5.6,974,1.3,1.9
2022/9/29,16.3,7.4,0,998.1,8,20,3.7,847,1.3,1.8
2022/9/30,17.6,9.6,9,989.6,13,36,2.3,598,1.2,1.7
2022/10/1,17.1,10.1,0.2,995.4,10.4,28,7.9,1134,1.9,2.5
2022/10/2,16.2,8.7,0,1009.5,6.8,18,3.4,926,1.3,1.8
2022/10/3,17.4,11.4,0,1007.9,9.5,27,2.4,638,1.6,2
2022/10/4,17.3,14.2,2.4,996.2,10.7,31,0,310,1.1,1.4
2022/10/5,15,8,9.8,999.5,9.8,34,4,721,0.9,1.3
2022/10/6,17,9.1,0.8,1008.2,10.6,29,2.1,657,1.4,1.8
2022/10/7,14.9,7.5,2.3,1004.6,12.7,33,8.4,1107,1.2,1.9
2022/10/8,15,6.1,0.1,1010,7,16,8.3,1097,1.2,1.7
2022/10/9,15.1,6.2,2.9,1000.3,12.2,33,0,279,0.9,1.2
2022/10/10,13.9,5.1,0,1009.3,9.6,21,7.7,1035,1.3,1.8
2022/10/11,13.7,7.9,0,1011.9,6.8,22,0.5,647,1.3,1.6
2022/10/12,14.2,5,0,1005.8,8,23,0.1,362,0.7,1
2022/10/13,16.4,1.3,0.4,1003.4,5.3,19,5.9,815,0.9,1.2
2022/10/14,14.3,5.7,0.4,994.4,6.7,18,4.9,747,1,1.4
2022/10/15,13.1,6.6,4.1,985.2,12.2,33,6.8,827,1.2,1.7
2022/10/16,13.2,6.6,2.3,992.7,10.5,37,0.5,319,0.8,1.1
2022/10/17,15.3,5.3,0,1000.3,13.9,41,9.4,995,1.4,1.9
2022/10/18,15.4,2.2,0,1014.8,7.8,24,7.2,787,0.8,1.1
2022/10/19,13.2,11.8,31.4,1004.9,13.6,37,0,58,0.7,0.9
2022/10/20,15.9,10.4,0.1,993.2,6.3,16,2.5,560,0.7,1
2022/10/21,15.8,12.6,8.9,984.6,11.3,31,0.4,348,0.8,1
2022/10/22,17.2,10.9,1.2,989.6,9.1,24,5.1,679,1.2,1.5
2022/10/23,17.6,10.4,10.2,988.7,6.4,21,4.3,612,0.8,1.1
2022/10/24,14.5,9.5,0.1,989.2,6.3,19,3.4,485,0.7,0.9
2022/10/25,15.8,8.9,3.4,989.8,10,32,2.1,441,0.7,1
2022/10/26,16.2,10.6,5.3,989.8,11.4,34,4.6,614,0.9,1.2
2022/10/27,18,9.3,1.3,994.9,9,25,0.4,292,0.9,1.1
2022/10/28,16.7,8.9,5.1,993.1,12.3,38,6.9,688,0.7,1
2022/10/29,17.7,10.8,4.4,996,11.6,31,1.7,333,1,1.3
2022/10/30,14.4,11.2,0.1,994.2,11.2,28,4.7,496,1.2,1.4
2022/10/31,15.9,9.6,9.6,991.3,9.1,26,0.1,209,0.9,1
2022/11/1,13.1,6.7,1.3,991.3,8,21,1.3,405,0.7,0.9
2022/11/2,14,6.6,3.3,989.2,14.8,51,1.4,242,1.2,1.6
2022/11/3,11.9,4.1,0,990.3,7,17,4.5,494,0.7,0.9
2022/11/4,11,2.9,0,1000.4,7.7,19,6.1,553,0.4,0.6
2022/11/5,13.1,8.6,1.4,996.7,8.5,24,4.1,462,0.6,0.8
2022/11/6,13.4,8.4,0.7,986.3,9.1,25,4.2,431,0.9,1.1
2022/11/7,15.4,8.6,0.5,978.6,13.3,32,0,171,1.2,1.5
2022/11/8,12.6,9.1,0.3,977.7,10.7,28,4.3,414,1.1,1.2
2022/11/9,13.2,7.7,0.5,988.7,10.5,27,3.5,476,0.6,0.7
2022/11/10,15.7,13,0,997.6,17.4,38,0.3,286,1.3,1.5
2022/11/11,16.5,12.9,2.4,1004.8,16,41,0.1,167,1,1.2
2022/11/12,14.8,12.6,0,1008.2,9.7,26,0.6,226,0.7,0.8
2022/11/13,15.7,11,1,1001.4,13.2,29,2.3,330,0.7,0.8
2022/11/14,12.1,9.3,4.4,988.8,9.6,43,3,346,0.7,0.8
2022/11/15,12,3.1,3.3,978.7,7.2,38,5.5,477,0.1,0.2
2022/11/16,11.3,0.1,2.3,975.5,4,12,7.1,487,0.2,0.3
2022/11/17,6.7,2.1,0,980.7,10.1,20,1.1,345,0.1,0.2
2022/11/18,8.9,2.6,0,994,13.2,26,6.3,474,0.4,0.5
2022/11/19,8.9,1.9,3,999.1,6.7,20,1.4,217,0.4,0.5
2022/11/20,8.7,4.3,0,994,8.7,26,4.5,400,0.3,0.4
2022/11/21,10.6,3.2,11.8,983.3,11.5,34,0.2,162,0.5,0.7
2022/11/22,6.2,-0.8,0,977.7,5.6,16,0,152,0.2,0.3
2022/11/23,10.1,4.3,5,971.9,12.6,39,5.7,369,0.2,0.3
2022/11/24,11,6.6,2.3,981.2,12.8,50,3.3,313,0.9,1
2022/11/25,10.9,6.4,0,996.4,10.2,26,5.7,398,0.6,0.6
2022/11/26,14.4,10.7,0.3,998.4,12.9,33,0,60,1.2,1.4
2022/11/27,11.2,6.5,2.1,994,10.5,25,4.8,272,0.7,0.8
2022/11/28,8.1,3.5,0.2,997.9,7.3,21,1.4,169,0.2,0.3
2022/11/29,8.7,1.9,0,1007.8,3.6,12,1.7,209,0.2,0.3
2022/11/30,10.6,0.8,0,1012,5.8,18,0.1,141,0.3,0.5
2022/12/1,11.4,5,0,1016.2,4.5,14,1.2,217,0.4,0.5
2022/12/2,10.6,2.4,0,1016.1,4.2,15,2,260,0.2,0.3
2022/12/3,8.8,2.7,3.8,1013.8,7.1,19,1.1,214,0.4,0.5
2022/12/4,7.2,3.9,11,1010.7,11.8,29,0.1,117,0.6,0.8
2022/12/5,8.3,5.5,5.9,1015.3,12.5,25,0.5,133,0.8,1
2022/12/6,6.2,0.8,2.6,1017.4,7.8,20,0.9,213,0.2,0.2
2022/12/7,4.8,0,0,1012.8,7.7,14,5.2,326,0.2,0.2
2022/12/8,3.4,-2.4,1.4,1005.1,7.8,17,5.3,292,0.1,0.1
2022/12/9,0.4,-3.2,0.1,1000.5,7.7,17,5.2,311,0,0
2022/12/10,0.3,-1.2,0,998.5,9.6,17,0.3,125,0.1,0.2
2022/12/11,2.3,-1.1,2.2,999.2,7.2,15,4.7,307,0,0
2022/12/12,0.7,-2.9,0,997.6,3.7,11,0.2,181,0,0.1
2022/12/13,3.8,-2.8,0,997,7.2,20,0.1,106,0.4,0.5
2022/12/14,4.1,-3.8,0,1000,9.7,25,1.3,180,0.5,0.6
2022/12/15,2.6,-4.2,0,1004.9,9,16,6.7,316,0.1,0.1
2022/12/16,3.4,-3.1,0,1005.8,6.6,18,6.5,330,0.1,0.1
2022/12/17,6.2,0,0,1004.8,5.8,21,4.5,262,0.2,0.2
2022/12/18,13.4,3.2,0.3,993,14.1,39,0,80,0.7,0.9
2022/12/19,14.7,7.1,2,981.9,11.7,36,0.1,84,1.1,1.2
2022/12/20,8.6,5.7,0,988.7,11.2,26,6,294,0.8,0.8
2022/12/21,8.5,5,0,988.3,11.7,32,5.3,280,0.8,0.8
2022/12/22,6.7,-0.6,1.9,991.5,4.6,11,1.1,188,0,0.1
2022/12/23,10,-0.5,11,988.3,8,23,0.5,113,0.3,0.4
2022/12/24,11,6.5,10.7,989.9,8.5,29,1.1,126,0.7,0.9
2022/12/25,10.9,1.7,9,992.3,10.3,30,4,238,0.4,0.4
2022/12/26,4.9,1.3,0,1002.8,9,25,4.8,284,0.2,0.2
2022/12/27,11.1,2,1,1001,9.5,28,0,98,0.5,0.6
2022/12/28,11.3,5,5.2,983.5,9.8,33,0.1,135,0.5,0.6
2022/12/29,9.6,4.7,0.8,982.6,12.2,38,4.2,266,0.7,0.8
2022/12/30,11.4,6.9,2.5,975.3,12.8,35,3,180,0.8,0.9
2022/12/31,10,5.3,2.6,982.7,3.7,14,0.2,140,0.3,0.4
2023/1/1,6.8,1.3,1.1,991.5,5.5,18,0.2,95,0.3,0.4
2023/1/2,6.1,0.4,0,1002.6,6.2,20,6.8,342,0.2,0.3
2023/1/3,13.3,5.6,1.5,996.3,12.5,35,0,79,0.8,1
2023/1/4,12.6,8.8,0.1,998.7,13.7,34,0.5,164,0.9,1
2023/1/5,12.6,6.7,2.7,1000.5,10.3,29,0,160,0.7,0.8
2023/1/6,11.5,5.6,2.3,990.6,9.7,29,0.2,185,0.6,0.7
2023/1/7,10.7,6.4,1.9,977.8,12.1,47,5.2,320,0.6,0.6
2023/1/8,7.8,4.4,0,974.1,11.1,29,3.2,275,0.8,0.9
2023/1/9,7.9,3.7,0.5,988,12.8,35,4.8,312,0.6,0.7
2023/1/10,13.6,5.5,11.2,987.7,13.4,43,0.1,131,0.9,1.1
2023/1/11,11.8,5.5,6.2,986.2,13.4,37,1.2,176,1,1.1
2023/1/12,11.8,5.3,2.8,983.5,17,44,2.7,253,0.8,1
2023/1/13,9.5,6,2,991.7,13.6,37,5.1,361,0.5,0.6
2023/1/14,9.1,2,5.6,984.8,13.5,38,5.3,337,0.3,0.4
2023/1/15,5.2,0.9,1.4,984.1,9.7,30,0.1,134,0.3,0.5
2023/1/16,2.6,-2.9,0,981.2,8.7,20,6.2,402,0.1,0.1
2023/1/17,2,-4.7,0,981.6,11,27,7.1,433,0.2,0.3
2023/1/18,4,-0.5,0,991,13.5,25,3.8,328,0.4,0.6
2023/1/19,4.2,-0.9,0,1000.9,8.2,15,6.7,445,0.2,0.3
2023/1/20,7,-4.8,0,1010.9,5.9,17,6.9,469,0.2,0.3
2023/1/21,9.3,5.9,0.2,1017,8.5,17,2,102,0.7,0.8
2023/1/22,10.9,7.5,0.4,1018.3,5.9,17,0,192,0.5,0.7
2023/1/23,11.9,6.8,0.2,1023,3.8,12,0,167,0.4,0.5
2023/1/24,10.8,6.9,0,1026.3,5.5,16,5.6,414,0.3,0.4
2023/1/25,10,2.5,0.4,1023.8,9.4,25,2.3,243,0.3,0.5
2023/1/26,8.1,1.5,0,1026.2,8.1,17,3.7,399,0.5,0.6
2023/1/27,7.2,-0.2,0,1023.8,5.1,11,3.6,393,0.3,0.5
2023/1/28,6.4,3.4,0.2,1021.2,6.6,15,0,158,0.5,0.6
2023/1/29,10.1,4.1,0.2,1014.3,10.4,30,0.7,248,0.6,0.8
2023/1/30,8.8,4.3,0,1014.8,10,24,1.1,331,0.8,0.9
2023/1/31,8.5,5.6,0.3,1012.4,15.8,38,7,548,0.6,0.8
2023/2/1,9.8,5.6,0,1013,12.9,29,1,323,0.9,1.1
2023/2/2,10.5,8.2,0.2,1013.3,12,31,0.3,299,0.8,1
2023/2/3,12.2,7.8,0,1018.8,9.4,26,3.8,515,0.7,0.8
2023/2/4,11.1,1.1,0.5,1028.6,8.2,32,0.3,298,0.6,0.8
2023/2/5,9.7,-4,0,1034.1,4.1,17,7.8,622,0.4,0.7
2023/2/6,9.4,-0.6,0,1028.7,5.4,20,3.6,511,0.6,0.8
2023/2/7,9.9,3.4,0,1025.7,5.1,14,0.1,299,0.6,0.8
2023/2/8,9.3,2.6,0.1,1019,8.4,29,0.1,484,0.6,0.8
2023/2/9,8.2,1.1,0,1021.3,7.5,19,6.5,686,0.7,1
2023/2/10,11.5,3.9,0.1,1022.8,9.7,25,0.1,352,0.9,1.1
2023/2/11,10.4,7.4,0.3,1024.7,4.8,12,0,286,0.8,1
2023/2/12,10.8,4,0,1023.1,7.5,22,1.8,493,0.9,1.2
2023/2/13,11,2.5,0,1018.2,9.7,27,6.4,658,1,1.3
2023/2/14,14.2,3.6,0,1012.6,10.7,25,1,427,1.2,1.5
2023/2/15,10.5,5.4,7.8,1005.8,8.8,23,1.6,467,1.1,1.4
2023/2/16,13.1,7.1,1.1,1003.5,10,32,0.7,416,0.6,0.9
2023/2/17,12.7,9.4,2,1005.9,12.4,38,0.3,328,0.7,1
2023/2/18,11.5,8.2,1.4,1009.7,15.5,41,1.4,395,0.8,1.2
2023/2/19,12,6.7,0,1013.5,10.6,28,2.9,558,0.9,1.2
2023/2/20,12.7,8.3,0,1009.4,10.6,28,1,455,0.9,1.2
2023/2/21,11.9,7.3,0.4,1003.4,7.6,22,5.8,830,0.8,1.2
2023/2/22,7.8,2.9,1.5,1005.5,13.5,27,3.7,634,0.6,1
2023/2/23,8.8,-1,0,1013.5,8.7,17,6.7,877,0.8,1.2
2023/2/24,11.1,1.6,0,1008.4,9.6,24,1.9,477,0.8,1.2
2023/2/25,7.4,0.1,0,1012.9,9.5,22,3.6,831,0.9,1.3
2023/2/26,8.1,3,0,1020.2,10.3,23,2.9,715,1.2,1.7
2023/2/27,7.4,3.5,0,1025.2,9,19,1.8,661,1,1.3
2023/2/28,6.8,4.6,0.8,1027.7,8.9,23,0.6,474,0.8,1.2
2023/3/1,8.8,4.7,0,1023.9,11.9,24,3.8,822,1.3,1.8
2023/3/2,8,3.4,1.1,1018.8,7.6,17,1.3,584,0.8,1.1
2023/3/3,7,3.8,0,1021.6,5.5,19,0.4,453,0.8,1.1
2023/3/4,5,3,0,1020.4,5.9,16,0,299,0.9,1.1
2023/3/5,9.3,2.2,0,1009.7,9.1,19,2.5,796,1.1,1.6
2023/3/6,6.7,1.5,3.5,997.6,8.5,18,0.1,349,0.6,0.9
2023/3/7,5.5,-2.7,0,989.9,6.4,16,8.4,1215,1.1,1.6
2023/3/8,5.2,-1.7,0.1,983.5,14.5,28,2.4,768,1.1,1.7
2023/3/9,3.3,0.7,30.2,978.9,17.5,40,0,181,0.4,0.7
2023/3/10,5.9,-2.4,7.5,990.3,8,35,10,1241,1.1,1.6
2023/3/11,9.8,-1.7,9.9,993.3,9.8,27,0,245,0.5,0.8
2023/3/12,12.6,7.6,2.7,982.8,10.2,28,1.2,681,1,1.5
2023/3/13,13.3,2.3,5.3,974.7,12.8,34,0.7,529,1.1,1.6
2023/3/14,6.8,0,1,993.4,10.3,33,6.8,974,1.1,1.7
2023/3/15,10.7,0,10.8,996.2,7,26,0,311,0.7,0.9
2023/3/16,15,9,1.2,986.2,11.2,26,5,1040,1.6,2.3
2023/3/17,11.4,6,2.5,987.5,6.9,19,1,625,0.8,1.1
2023/3/18,11.1,3.7,1.4,996.5,9.5,27,2.9,753,0.9,1.4
2023/3/19,10.9,1.6,2.3,1003.8,8.2,22,3.6,797,0.9,1.4
2023/3/20,15.8,10.1,0.4,997.2,8.7,20,0.8,728,1.5,2
2023/3/21,12.6,9.2,2.2,984.8,11.2,32,2,776,1.3,1.9
2023/3/22,12.6,6,1.5,978,14.2,37,8.7,1327,1.8,2.8
2023/3/23,13,6.1,2.1,975.5,13,35,6.3,1146,1.9,2.7
2023/3/24,12.8,6.6,1.5,979,14.7,37,5.6,1168,2.1,3
2023/3/25,12.7,3.2,0.3,987.8,9.9,28,5.3,1197,1.5,2.2
2023/3/26,9.1,-1.2,0.6,1001.6,8.2,27,0.9,678,0.7,1.2
2023/3/27,9.7,-4.3,0,1010.8,7.7,19,6.5,1409,1.4,2.1
2023/3/28,15.4,7,8.1,1000.8,8,26,2.3,734,1.4,2
2023/3/29,16.2,9.6,3.8,990,10.5,31,2.7,796,1.7,2.3
2023/3/30,15.7,7.4,5.6,981.2,9.2,24,4.9,1123,1.7,2.5
2023/3/31,11.2,8.4,13.4,982.9,8.5,23,0,488,0.7,1.1
2023/4/1,11.4,7.2,12.2,1002.4,8.6,24,0.4,746,1.2,1.7
2023/4/2,11.1,6,0.8,1016.3,6.8,16,6.2,1389,1.5,2.3
2023/4/3,10.6,5.1,0,1017.2,8.7,24,6.2,1377,1.6,2.4
2023/4/4,13.7,5,2.3,1011.8,7,23,4.1,1264,1.8,2.6
2023/4/5,14.7,8.3,0.9,1005.5,7.6,21,0.4,795,1.3,1.9
2023/4/6,12.9,0.6,1.3,1006.6,9.2,24,7.2,1633,1.8,2.8
2023/4/7,13.1,-0.4,0,1010.7,6.6,20,9.6,1689,1.8,2.7
2023/4/8,12.6,4.8,0,1011.2,8.4,26,5.2,1453,1.8,2.6
2023/4/9,12.8,8.1,1,1002.1,12.8,28,0.2,647,1.7,2.4
2023/4/10,10.8,4.7,5,995.1,10.8,35,4.4,1231,1.5,2.4
2023/4/11,9.9,2.9,9.5,987.2,10.8,34,0.4,565,1,1.5
2023/4/12,7.5,2.1,5,977.5,15.6,42,0.7,862,1.2,2.1
2023/4/13,11.7,2.9,0.6,988.7,11.8,32,10.9,1858,2.3,3.6
2023/4/14,13.1,-1,0,996.5,7.5,21,9.6,1914,2.2,3.3
2023/4/15,12.5,2,5.2,1007.3,6.3,15,6.3,1525,1.8,2.6
2023/4/16,17.6,3.8,1.2,1012,3.7,13,6.6,1555,2,2.7
2023/4/17,17.6,4.6,0,1016.8,6.2,19,6.6,1642,2.2,3.1
2023/4/18,11.6,8.4,0,1019.5,10,24,7.6,1681,2,3.1
2023/4/19,11.8,6.7,0,1017.2,16.3,29,1.9,1050,1.8,2.9
2023/4/20,11.9,5.3,0,1013.8,15.1,28,13.4,2359,2.6,4.5
2023/4/21,14.3,7.1,0,1005.3,15.3,33,6,1703,2.6,4.1
2023/4/22,9,4.5,5,995.4,6,19,0.2,438,0.8,1.1
2023/4/23,12.4,4.4,3.5,994.7,5,21,5.3,1318,1.8,2.5
2023/4/24,9.2,-0.1,10.8,1003,8,26,1.7,1104,1.3,2
2023/4/25,10.8,-0.2,0,1008.3,6.1,19,6.9,1860,2.1,3
2023/4/26,12,4.9,0,1006.3,6.8,18,8.9,2184,2.7,3.9
2023/4/27,12.3,8.4,0,1001,8.2,21,0.3,702,1.4,2
2023/4/28,17.3,8.1,0.3,1002,4.3,16,1,967,1.7,2.3
2023/4/29,17.1,7.9,5.5,1008,4.2,15,4.9,1601,2.1,2.9
2023/4/30,17.6,10.3,7.5,1006.6,7.5,27,3.8,1548,2.4,3.4
2023/5/1,17,4.5,0.3,1010,7.6,20,4.3,1618,2.2,3.3
2023/5/2,17.2,6.6,0,1013.8,7.2,20,3.9,1779,2.5,3.6
2023/5/3,15.4,8.6,0,1011.1,8.3,22,2.3,1571,2.3,3.4
2023/5/4,13.1,7.4,6.3,1001.1,12,29,0.8,1101,1.5,2.4
2023/5/5,18.5,8.4,0,996.5,7.9,20,8.2,1786,2.6,3.7
2023/5/6,15.7,7.6,0.4,1001.1,5,14,2.2,1467,2,2.9
2023/5/7,18.5,10.2,4.9,1004,6.4,21,5.8,1869,2.8,4
2023/5/8,19.5,10.8,15.8,1001.8,6.8,25,1.8,1435,2.5,3.4
2023/5/9,16.4,9.1,0,1000.4,7.1,20,7.2,1889,2.8,3.9
2023/5/10,15.6,10.1,1.5,1001.2,9.7,28,2,1420,2.3,3.3
2023/5/11,14,5.7,6.2,1008.3,7.9,20,5.2,1517,1.9,2.8
2023/5/12,15.3,3.7,0,1016.9,6.8,22,8.9,1987,2.3,3.5
2023/5/13,16,3.2,0.1,1016.3,4.9,15,6.3,2036,2.4,3.4
2023/5/14,15,4.4,0.2,1011.2,8.2,23,1.2,1301,1.8,2.7
2023/5/15,15.2,3.7,0,1015,8,20,7.5,1948,2.7,4
2023/5/16,16.8,2.5,0,1017.9,7.1,17,8.1,2068,2.9,4.1
2023/5/17,18.2,3.8,0,1018.5,6.3,15,7.8,2115,3,4.2
2023/5/18,17,9.5,0.1,1017.8,7.2,14,1.8,1613,2.6,3.6
2023/5/19,16.5,7.3,0.1,1019.7,6.7,17,0.4,1413,2.1,3
2023/5/20,14.9,9.4,0,1018,3.3,10,0.1,846,1.5,2
2023/5/21,17,8,0,1014.8,4.8,17,1.8,1612,2.3,3.2
2023/5/22,16.5,5.9,0,1017.5,8.9,22,6.2,2235,2.8,4.3
2023/5/23,18.3,5.6,0,1019.1,7.9,19,8.7,2305,3.4,4.8
2023/5/24,17.3,6.4,0,1019.7,8.8,19,4.9,1889,2.7,4
2023/5/25,19.4,7.2,0,1022.1,6.5,15,10.7,2567,3.7,5.2
2023/5/26,18.4,6.2,0,1022.5,6.2,18,14.2,2681,3.4,5
2023/5/27,19.9,6,0,1018.1,5,17,10.1,2337,3.3,4.6
2023/5/28,15.1,9.4,0,1017.6,9.9,28,10,2737,3.4,5.3
2023/5/29,16.1,8.2,0,1019.9,9.8,22,15,2862,3.4,5.4
2023/5/30,17,6.5,0,1021.7,7.5,19,15.3,2948,3.5,5.3
2023/5/31,15.6,5.1,0,1019.2,8.9,22,9.7,2162,2.5,4
2023/6/1,15.9,6.7,0,1017.2,8.9,24,10.1,2630,3.1,4.8
2023/6/2,14.9,8.9,0,1016.7,8.5,20,8.6,2442,3,4.6
2023/6/3,18.3,3.5,0,1015.5,6.2,17,15.5,3019,3.8,5.5
2023/6/4,18.2,5.4,0,1015.8,7.1,20,15.4,2964,3.7,5.4
2023/6/5,18.3,6.6,0,1015.7,7.3,18,15.5,2983,3.7,5.6
2023/6/6,15.6,7.9,0,1014.9,8,21,9.8,2014,2.4,3.7
2023/6/7,14.5,7,0,1012.4,9.8,25,5.3,1877,2.2,3.6
2023/6/8,15.1,9.7,0,1008.2,10.4,25,4.3,1659,2.4,3.7
2023/6/9,17.5,10.7,0,1004.7,10.2,25,14.2,2863,3.7,5.7
2023/6/10,18.6,10.5,1.3,1003.5,6,18,1.9,1473,2.2,3.2
2023/6/11,22.2,12.4,0,1005.3,4.7,17,8.5,2493,3.8,5.2
2023/6/12,20.9,12.5,2,1006.5,4.1,11,2.5,1070,2,2.6
2023/6/13,24.1,15.5,3.6,1006.1,6.1,17,10.6,2585,4.6,6.1
2023/6/14,20.7,10.1,0,1008.4,7.5,22,14.8,3025,4.6,6.5
2023/6/15,23.4,7.7,0,1010,5.5,15,14.5,2789,4.3,5.8
2023/6/16,20.8,10.3,8.7,1007.4,5.3,15,1.3,1065,2.1,2.8
2023/6/17,18.8,13.9,3.5,1002.8,7.7,19,4.1,1769,2.7,3.9
2023/6/18,21.3,14.5,0.4,997.9,6.7,19,6.1,2273,3.6,5
2023/6/19,22.5,14.3,0.2,996.4,6.8,19,8.1,2020,3.7,4.9
2023/6/20,20,13.2,13.1,997.9,4.5,17,2.9,1364,2.5,3.3
2023/6/21,22.7,11.7,0,1003.8,7.4,27,11.6,2390,3.9,5.4
2023/6/22,20.6,9.8,0,1009.8,5.9,18,11.5,2711,3.8,5.4
2023/6/23,21.4,15.9,1,1008.5,8.8,27,0.6,980,2.3,3.1
2023/6/24,24.6,17.4,0,1005.9,9.5,22,8.9,2628,4.9,6.7
2023/6/25,20.7,11.2,10.4,1001.9,8,31,4.2,1451,2.8,3.8
2023/6/26,19.9,11.2,0,1007.7,8.3,23,7.4,2102,3.6,5
2023/6/27,22.3,14.1,0.6,1006.7,8.3,24,0.3,949,2.4,3.1
2023/6/28,19.6,11.2,2.4,1005.8,8,28,1.9,1227,2.2,3.1
2023/6/29,18.5,9.2,0,1006,8.1,21,6.1,1805,3,4.2
2023/6/30,18.2,12.6,2.2,997.9,10.8,28,0.2,995,1.9,2.8
2023/7/1,18.8,11.3,0.6,997.9,16.3,32,6.1,2132,3.5,5.5
2023/7/2,17.8,10,0.6,1000.3,11.3,35,4.8,2015,3.3,4.9
2023/7/3,17.6,9.4,9.3,998.7,9.2,32,5.8,1939,3,4.4
2023/7/4,18.7,9.1,1.1,997.5,8.6,25,8,2178,3.3,4.7
2023/7/5,18.4,9.1,1.4,1000.6,8.9,27,4.2,1933,3,4.4
2023/7/6,17.7,11.8,1.7,998,11.4,31,0.8,1053,2.1,3
2023/7/7,20.4,14.3,0,998.1,10.1,27,5,1495,2.7,3.9
2023/7/8,21.7,13.4,0,999.8,10.9,31,8.3,2371,4.3,6
2023/7/9,20.8,7.5,4.2,1004.5,7.2,21,7.4,1903,3,4.2
2023/7/10,16.9,12.6,16,1001.2,5.4,18,0.7,937,1.8,2.4
2023/7/11,20,13.2,3.4,996.8,8.2,29,4.9,1779,3.2,4.4
2023/7/12,20,9.4,0.3,999.8,11.3,28,3.8,1963,3.2,4.7
2023/7/13,19.4,9.5,1,1002.6,5.4,19,3.1,1558,2.6,3.5
2023/7/14,18.1,13.1,21.2,989.6,11.4,34,0.4,473,1.3,1.8
2023/7/15,15.4,12.6,12.2,982.8,13.4,30,0.6,806,1.4,2.2
2023/7/16,18.4,11.7,8,994.5,10,27,5,1714,3,4.3
2023/7/17,19.2,11.4,0,1004.6,6.6,17,2.9,1660,2.9,3.9
2023/7/18,17.7,11.6,10,1005.2,5.9,16,2.5,1257,2,2.8
2023/7/19,18.5,11.6,1.5,1007.3,6.5,19,2.8,1467,2.5,3.4
2023/7/20,17.3,10.8,2.5,1007.2,6.8,20,3.3,1523,2.6,3.5
2023/7/21,17.8,10.3,2.6,1002.7,8.6,19,2.4,1560,2.4,3.5
2023/7/22,19.6,12.9,28,993.7,6.3,19,0.1,904,1.7,2.4
2023/7/23,15.4,11.8,5.3,992.8,10.8,29,0,653,1,1.6
2023/7/24,17.5,7.8,0.5,1000,6.2,17,3.7,1499,2.3,3.3
2023/7/25,19.4,7,0,1002.2,6.5,16,7,1931,3,4.2
2023/7/26,17.4,10.2,7.9,995.1,5.8,18,0.9,671,1.2,1.6
2023/7/27,22,14.7,1.3,990.7,9.7,22,4.5,1568,2.9,4
2023/7/28,20.4,12.9,0.5,991.3,8.3,22,2.8,1629,3,4.1
2023/7/29,19.4,11.9,0.7,992,10.6,30,9.7,2137,3.4,4.9
2023/7/30,17.7,12.8,3.2,994.5,8.5,25,0.4,821,1.5,2.2
2023/7/31,17.9,13,4.2,990.2,10.6,30,3.4,1144,2,2.9
2023/8/1,19.8,11.9,9.1,984.8,9.6,25,3.7,1352,2.6,3.6
2023/8/2,17.1,12.7,9.4,982.4,13.2,31,0,454,1.2,1.7
2023/8/3,19.1,10.9,0,1000.8,12.7,27,3.2,1437,2.6,3.8
2023/8/4,17.5,8.8,5.3,1006.5,8.1,20,5.6,1571,2.5,3.5
2023/8/5,18,9.8,48.6,1000,12.9,37,4.1,1543,2.4,3.7
2023/8/6,18.7,9.1,2.6,1010,8.9,31,7.9,1904,2.7,4
2023/8/7,18.2,8.3,0.1,1009.1,5.9,16,2.2,1587,2.5,3.4
2023/8/8,17.9,9.8,0.1,1005.2,3.9,12,6.6,1254,2,2.7
2023/8/9,22.5,12.7,0,1005.7,3.9,13,0.9,1186,2.1,2.8
2023/8/10,22.3,13.2,0.1,1003.8,8.3,23,4.4,1737,2.7,3.8
2023/8/11,21.6,14.3,0,999.7,11.5,30,8.1,1836,3.3,4.6
2023/8/12,20.1,14.4,2.7,996.2,10.2,28,4.4,1516,2.8,3.8
2023/8/13,19.6,13.2,3.1,998,7.5,21,5.6,1784,2.9,4
2023/8/14,20.8,10.9,0,998.8,7,19,3.1,1308,2.4,3.2
2023/8/15,20.7,10.2,1,1006.3,8,18,5.7,1641,2.7,3.7
2023/8/16,18.5,8.5,0,1011.7,6,15,0.4,1234,1.8,2.5
2023/8/17,20.6,9.5,1.5,1007.8,7.5,21,8.6,1669,2.4,3.4
2023/8/18,17.6,14.6,22.9,994.2,13.7,36,0,175,0.7,1.1
2023/8/19,21.1,15.5,1.7,990.5,14.5,47,8.1,1939,3.2,4.7
2023/8/20,21.8,14.4,0,1006,9.4,30,9.2,1918,3.4,4.6
2023/8/21,21.8,15.9,0,1006.2,11.2,29,8.3,1754,3.5,4.7
2023/8/22,20,13.4,0.2,1006.7,8.5,26,3.8,1406,2.6,3.5
2023/8/23,19.5,11.4,0.1,1007.4,4.4,13,4.5,1160,1.9,2.6
2023/8/24,18.3,10.7,0,1003.3,10,21,10.1,1981,2.9,4.2
2023/8/25,18.6,11.7,6.9,999.4,8.4,23,6.3,1531,2.5,3.5
2023/8/26,18.8,11.1,2.1,1000.7,10.8,21,3.3,1324,2.2,3.2
2023/8/27,18.9,10.2,0.2,1004,11.2,30,1,1030,1.8,2.6
2023/8/28,17.9,9.9,0.1,1005.7,9,20,1.8,1145,2,2.8
2023/8/29,17,10.7,0,1002.5,10.3,23,4,1338,2.2,3.1
2023/8/30,17,9.8,0,999.8,7.5,18,4.7,1232,2,2.7
2023/8/31,16,10.4,1.6,996.8,6.8,22,0.1,791,1.3,1.8
2023/9/1,19.2,11.7,6.6,1002,5.3,13,4,1163,1.6,2.3
2023/9/2,20.8,11.2,0,1011.5,4,12,6.3,1404,2,2.7
2023/9/3,23.1,9.2,0,1016,4.6,14,12.2,2013,2.7,3.7
2023/9/4,22.8,7,0,1012.5,5.1,18,12.4,1921,2.6,3.6
2023/9/5,21.3,13.3,0,1008.2,7.8,26,9.8,1700,2.3,3.3
2023/9/6,25.7,11.8,0,1007.7,4.6,15,11.6,1645,2.7,3.5
2023/9/7,24.1,14.4,0,1007.1,6.2,15,2.5,980,1.9,2.5
2023/9/8,26.1,13.1,0,1006.1,3.8,12,11.2,1711,2.6,3.4
2023/9/9,25.2,14.6,0,1006.1,4.4,12,7.4,1360,2.2,3
2023/9/10,20.7,13.5,9.8,1003.5,4.3,14,0.9,616,1.1,1.5
2023/9/11,18.6,11.9,14,1002.3,6.1,18,0,276,0.7,1
2023/9/12,16.4,5,0.8,1008.4,8.5,23,8.6,1614,1.8,2.7
2023/9/13,16.5,4.3,1.2,1009.5,6.2,24,2,848,1.2,1.7
2023/9/14,17.3,11.2,4.3,1007.8,5,13,2.1,890,1.5,2
2023/9/15,12,10.2,23.7,1005.6,8.9,20,0,267,0.6,0.9
2023/9/16,15,10.1,2,1007.1,12.2,24,0,214,0.7,1
2023/9/17,15.6,14,23.1,998.3,6.5,17,0,303,0.7,1
2023/9/18,15.2,10.4,0.7,990.4,12.6,30,8.4,1475,1.6,2.6
2023/9/19,19,10.7,13.1,984.5,13.2,37,1.3,816,1.3,2
2023/9/20,17.6,9.2,1.8,977.7,11,36,6.5,1259,1.5,2.3
2023/9/21,15.8,7.8,0,984.2,7.4,18,8.3,1410,1.9,2.6
2023/9/22,14.8,6.1,0.1,994.4,12.3,27,7.1,1299,1.8,2.6
2023/9/23,17,4.9,0.9,1000.1,9.2,28,5.6,1109,1.2,1.9
2023/9/24,18.9,11.9,0.9,993.2,10.6,39,0.7,312,1.1,1.4
2023/9/25,18.3,13.5,0,999.7,11.2,24,7.9,1145,2.4,3.1
2023/9/26,17.5,10,3.2,1000.1,8.5,24,4.1,954,1.5,2.1
2023/9/27,16.5,10,15,989.8,15.2,47,0.4,245,1,1.4
2023/9/28,15.5,10.5,1.4,994,9.8,37,0,294,1.2,1.5
2023/9/29,16.4,10.1,0.3,1005.5,8,24,8.9,1203,1.5,2.1
2023/9/30,17.5,7.8,11.1,1007,6.8,25,0,173,0.7,1
2023/10/1,18.8,11.6,0.5,1005,6.6,18,7.8,1093,1.6,2.1
2023/10/2,14.2,10.3,0,1004.9,5,12,0,348,1,1.3
2023/10/3,16.3,9.6,0,1007.5,9.8,30,7.3,1061,1.5,2.1
2023/10/4,16.5,10.7,0,1010.7,10.2,26,2.6,723,1.4,1.9
2023/10/5,17.2,12.7,4,1006.3,11.9,28,0.1,401,1.1,1.4
2023/10/6,20.6,15.1,0.2,1006.3,11.4,26,0.4,536,1.6,2
2023/10/7,20.8,13.1,0,1008.8,6.4,21,0.5,449,1.3,1.6
2023/10/8,21.3,9.6,0,1011.5,5.3,17,1.7,714,1.2,1.6
2023/10/9,23.2,14.4,0,1009.8,4,11,8.7,1020,1.5,2
2023/10/10,20.9,14.8,0,1003.3,8,26,0.9,585,1.6,1.9
2023/10/11,15.8,2.8,5.9,1000.8,6.6,24,0.1,208,0.6,0.8
2023/10/12,13.2,1.5,0,998.5,3.7,11,7.1,905,0.7,1.1
2023/10/13,12.7,6.2,2.6,994.8,11.2,30,6.2,917,0.9,1.3
2023/10/14,11,2.5,0.2,1008.9,11.3,26,8.2,1011,1,1.4
2023/10/15,11.3,1,0,1016,4.8,13,7.6,972,0.8,1.2
2023/10/16,12.4,3.3,0,1010.4,5.9,18,6,832,0.9,1.3
2023/10/17,12.4,8.7,8.2,1000.3,11.4,25,0,319,1.1,1.4
2023/10/18,13.6,9.9,16.6,982.8,13.5,28,0,113,0.6,0.8
2023/10/19,17,12,15.6,969.2,7.5,21,2.8,555,0.7,1
2023/10/20,13.7,9.2,29.8,971.8,13.7,38,0,68,0.6,0.8
2023/10/21,10.4,5.6,1.9,980.3,9.6,24,1.9,549,0.7,1
2023/10/22,13.5,3.9,0.1,991.2,5.5,14,8,864,0.8,1.1
2023/10/23,14,10.2,8.2,992.5,9.6,25,0.4,274,0.7,1
2023/10/24,12.5,4,4,988.2,6.4,19,2.3,467,0.4,0.6
2023/10/25,13.2,5.2,2.7,984.6,6.1,21,3.6,597,0.6,0.8
2023/10/26,14.8,6.5,0.5,977.5,4.8,20,4.1,573,0.6,0.8
2023/10/27,13.2,4.1,2.9,974.2,5.8,19,5.3,588,0.5,0.8
2023/10/28,14.1,9.3,4.4,970.1,8.5,27,4.8,542,0.7,1
2023/10/29,12.4,2.5,11.1,972,5.2,19,0.9,343,0.4,0.6
2023/10/30,12.7,1.7,2.1,979.9,4.1,17,3.4,402,0.3,0.5
2023/10/31,12.3,4.4,4.2,983.2,6.8,26,2.5,520,0.4,0.5
2023/11/1,13.1,1.5,2.6,970.3,8.2,37,3.7,464,0.3,0.5
2023/11/2,9.8,4.5,2.2,963.8,8.9,20,1.6,368,0.5,0.7
2023/11/3,11.2,4.1,0.2,970.6,9.7,25,5.5,600,0.5,0.7
2023/11/4,10.7,3.6,12,961.7,8,23,0.3,258,0.4,0.6
2023/11/5,11.6,5.1,0,971.3,8.7,19,3.5,495,0.5,0.7
2023/11/6,11.4,6,0,985.3,10.2,26,3.7,456,0.7,0.9
2023/11/7,11.1,6.8,0,994.9,10,24,6.9,574,0.7,0.9
2023/11/8,11.9,4.4,2.8,987.7,9.9,35,4.1,419,0.5,0.7
2023/11/9,8.4,4.8,0.2,980.7,9.7,26,2,369,0.7,0.9
2023/11/10,10.2,4.1,1,987.5,10.2,23,6.5,542,0.5,0.6
2023/11/11,9.1,1.3,0,994.7,6.9,18,4.3,341,0.3,0.5
2023/11/12,12.7,8.1,7,987,8.4,26,2.4,263,0.8,0.9
2023/11/13,13.8,8.6,11.1,977.4,15.8,46,3.5,426,0.7,0.8
2023/11/14,12.5,8.1,1.5,993,10.8,31,5.1,412,0.7,0.8
2023/11/15,10.3,2.8,0,1003.5,9.2,27,6.7,490,0.4,0.5
2023/11/16,10,2.3,0.3,1003.6,4.8,19,0.1,213,0.4,0.6
2023/11/17,10.8,5.2,10.3,1001.8,9.2,33,3.5,325,0.4,0.5
2023/11/18,14.3,10.4,1.8,992.3,9.3,25,0.2,218,0.6,0.7
2023/11/19,12.2,8.6,1.4,990.6,11.3,30,0.1,157,0.6,0.7
2023/11/20,10.8,6.4,0.2,1003.8,13.8,30,0.1,143,0.7,0.9
2023/11/21,8.7,3.1,0,1017.3,8,23,3.4,361,0.3,0.3
2023/11/22,11.6,8.4,0.4,1018.3,11.8,30,0,137,0.6,0.7
2023/11/23,12.8,7.8,0.2,1015.4,15,31,0.6,195,0.5,0.7
2023/11/24,8.5,-0.1,0,1016.2,8.1,20,0.8,211,0.3,0.4
2023/11/25,7.7,-2.6,0,1011.2,3.8,11,2.6,266,0.2,0.3
2023/11/26,10.5,5.1,3.4,1000.8,5.5,16,0,153,0.3,0.4
2023/11/27,8.9,2.4,0.1,997.5,11,24,2.7,278,0.2,0.3
2023/11/28,6.5,0.5,0,1000.9,6.2,14,0.1,211,0.3,0.4
2023/11/29,5.3,-1.1,0.7,996.7,6.6,18,1.2,220,0.3,0.4
2023/11/30,5.4,-1.6,5.7,996.6,10,29,2,185,0.5,0.6
2023/12/1,3.7,-2.8,0,1000.5,5.4,12,3.1,306,0.2,0.3
2023/12/2,5.8,-0.7,0.2,1000.9,4.1,11,4.7,335,0.1,0.2
2023/12/3,5.5,,4.8,996.5,7.4,25,1.4,196,0.2,0.2
2023/12/4,5.1,1.4,0,994.9,14.9,30,0.1,138,0.5,0.7
2023/12/5,6.4,1.5,0,1001.9,8.6,26,1.9,220,0.2,0.3
2023/12/6,8.7,3.3,1.3,998.3,14.2,43,0.1,61,0.4,0.6
2023/12/7,,8.4,4.1,985.7,12.7,36,0.5,57,0.7,0.9
2023/12/8,9.9,8.3,0.1,984.5,12.7,29,0.1,149,0.9,1.1
2023/12/9,11.7,6.3,9.1,982.4,16.8,53,0.6,252,0.5,0.6
2023/12/10,11,6.2,7.2,982.3,13.3,47,4,265,0.5,0.6
2023/12/11,10.3,6,8.6,989.3,9.5,26,5.8,308,0,0
2023/12/12,9.6,4.5,0.4,986.8,7.2,21,0.7,194,0.2,0.2
2023/12/13,7.5,2.5,0.1,998.4,8.8,24,6.7,323,0,0
2023/12/14,8.9,6.6,0.1,1011,7.8,26,0.1,130,0.4,0.5
2023/12/15,11.4,7.2,0,1020.9,8,25,1.5,203,0.5,0.6
2023/12/16,11.5,8.9,0,1020.7,9.5,27,3.7,274,0.4,0.4
2023/12/17,12.8,10,0.3,1015.5,14.1,32,2.6,253,0.6,0.6
2023/12/18,13.4,9,0.5,1011.4,9.2,27,0,93,0.4,0.6
2023/12/19,9.2,5.1,0.4,1011.1,11.1,26,5.5,291,0.2,0.2
2023/12/20,10.9,6.7,0.1,1006.4,17.5,37,0,75,0.7,0.9
2023/12/21,11.4,8.3,0.7,1001.2,23.8,51,3.2,233,0.8,1
2023/12/22,10.7,8.3,1,1004.4,20.6,39,0.4,190,0.7,0.9
2023/12/23,12.5,8.9,1.5,998.2,15.5,38,0.1,136,0.5,0.6
2023/12/24,12.6,8.7,1.4,990.6,16.3,44,0.9,168,0.4,0.6
2023/12/25,9.7,6.5,0.8,992.9,10.9,29,0,111,0.7,0.8
2023/12/26,8.3,3.7,3.9,1000.9,9,29,0.6,162,0.4,0.5
2023/12/27,13.8,5.5,15.6,986.2,14,38,0.9,91,1,1.2
2023/12/28,9.4,6.4,1.1,982.1,13.9,33,2,223,0.8,0.9
2023/12/29,6.7,3.1,0,992,11.4,30,3.5,238,0.6,0.6
2023/12/30,10.6,2.9,3.4,982.9,10.3,31,0.1,97,0.6,0.7
2023/12/31,8,5.6,1.8,974.8,15.5,34,0.1,126,0.8,1.1
2024/1/1,10.6,3.4,9.4,979.5,10.3,28,0,60,0.6,0.8
2024/1/2,10.1,6.5,6.9,970.6,7.7,25,0,61,0.5,0.6
2024/1/3,8.2,6.4,0,979.2,7.2,20,0.1,121,0.4,0.5
2024/1/4,7.5,3.2,0,988.2,7.5,23,6.4,335,0.1,0.1
2024/1/5,7,2,0,997.4,10.9,21,6.8,335,0.2,0.2
2024/1/6,6.4,-0.9,0,1010.2,8.4,15,6.9,342,0.1,0.1
2024/1/7,3.2,-3,3.7,1019.8,5.2,12,3.2,214,0.1,0.1
2024/1/8,5.4,0.9,1.3,1024.4,10.8,26,1.3,203,0.6,0.8
2024/1/9,5.5,3.2,0,1024.2,16,30,1.2,225,1.3,1.7
2024/1/10,6.9,3.3,0.1,1025.3,11.5,26,0.4,160,0.9,1.1
2024/1/11,7.4,5.3,0,1029.4,8.2,22,0,110,0.8,0.9
2024/1/12,5.5,0.8,0,1027.7,6.4,15,0,97,0.5,0.6
2024/1/13,4.5,0.6,0.1,1017,6.5,13,0,171,0.2,0.3
2024/1/14,5.2,-0.1,0.1,1008,8.7,19,3,298,0.3,0.3
2024/1/15,2.6,-2.4,0,1004.7,8.5,18,6.8,398,0.2,0.3
2024/1/16,4.4,-0.4,0,995.4,8.7,22,1.5,258,0.6,0.8
2024/1/17,2,-5.1,0,988,7.4,14,7.3,441,0.1,0.1
2024/1/18,2.8,-5.1,0,999.6,8.9,17,7.2,432,0.3,0.3
2024/1/19,6.7,-1.3,0,1006.3,9.7,35,5.6,422,0.7,0.8
2024/1/20,10.1,6.2,3.3,996.7,15.8,40,0.1,114,1.1,1.4
2024/1/21,13.8,6.6,5.6,980.2,18.8,54,0,139,1,1.3
2024/1/22,8.5,4.8,0.2,991.8,14.8,40,4.5,365,0.9,1.1
2024/1/23,14.4,5.2,7.1,998,14.8,42,0.7,237,0.9,1.1
2024/1/24,10.2,5.2,0.5,1005.2,10.8,42,0.3,219,0.8,1
2024/1/25,13.2,6.8,4.8,1004.2,12.2,41,0,155,0.8,1
2024/1/26,8.3,3.2,0.7,1007.8,11.7,45,7.1,486,0.5,0.6
2024/1/27,11.3,6.1,0,1012.3,10.7,27,0,250,1,1.1
2024/1/28,12.9,6.5,0,1002.9,13.3,32,0.1,214,0.8,1
2024/1/29,6.6,1.6,15.3,1011.5,9.2,20,0,64,0.5,0.7
2024/1/30,8.2,-0.4,0,1017.2,7.8,17,8.2,554,0.5,0.7
2024/1/31,10.9,3.6,2.2,1012.8,13.2,35,0,168,0.7,1
2024/2/1,9.7,2.7,0,1020.4,9.1,30,3.1,497,0.4,0.6
2024/2/2,12.8,9.3,0.2,1015.5,10.8,27,0.2,211,0.6,0.8
2024/2/3,11.5,7.6,0.6,1014.8,10.4,27,1.3,329,0.5,0.7
2024/2/4,13.4,7.7,0,1011.7,13.5,38,0.1,263,1,1.2
2024/2/5,11.9,8.9,0.1,1003.2,13.5,34,0.2,224,1,1.2
2024/2/6,11,1.3,10.6,994.9,8.7,28,0,162,0.4,0.6
2024/2/7,6.4,-0.7,0,994.3,5.5,17,5.2,483,0.5,0.7
2024/2/8,7.4,2.7,25.2,978.1,16.2,31,0,97,0.5,0.8
2024/2/9,6.7,4.8,5.9,964.7,9.6,26,0,182,0.4,0.6
2024/2/10,9.4,0.4,0.1,971.3,5.5,17,2.9,498,0.4,0.5
2024/2/11,8.8,0.2,0,981.4,8.5,23,6,635,0.5,0.8
2024/2/12,8.5,1.6,0.2,991.3,9.3,25,7,671,0.7,1
2024/2/13,8.9,3.8,3.6,995.2,5.5,14,0.3,378,0.5,0.6
2024/2/14,13.6,5.7,3.8,993.9,6.1,17,0.1,295,0.6,0.8
2024/2/15,12.8,8,5.4,992.8,6.6,18,0.3,340,0.5,0.7
2024/2/16,11.2,7.3,1.1,1003.2,6.6,22,0.4,354,0.6,0.8
2024/2/17,12.9,4.2,2.8,1009.8,5.2,22,0.5,255,0.4,0.6
2024/2/18,13.3,9.5,0.1,1014.7,8.9,21,4.4,634,0.8,1.1
2024/2/19,11.4,7.7,0.6,1017.6,9.8,26,0.7,503,0.9,1.2
2024/2/20,12.6,3.3,0.8,1008.5,9.2,31,1.2,370,0.5,0.8
2024/2/21,13.2,7.3,2.3,989.2,12.2,37,3.3,567,1,1.3
2024/2/22,9,2.9,4.3,973.4,10.2,29,2.7,598,0.8,1.2
2024/2/23,7.8,2.2,0,973.8,9.9,24,3.7,575,1,1.3
2024/2/24,7.7,1.2,0,981.8,5.6,14,2.3,599,0.7,1
2024/2/25,7.9,2.1,3.1,990.4,11,29,0.3,501,0.6,1
2024/2/26,9.1,0.8,0,1006.2,8.9,21,9.1,1041,1,1.5
2024/2/27,10.6,2.5,0.4,1008.2,9.5,26,2.3,663,0.9,1.2
2024/2/28,12.4,4.2,3,1000,8.3,25,0.1,334,0.7,0.9
2024/2/29,8.8,2,0.1,986.7,8.8,29,5.6,836,0.9,1.3
2024/3/1,4.4,0,45.3,977.5,15.5,40,0,144,0.3,0.6
2024/3/2,7.5,0.9,0.1,983.7,12,26,5.8,929,0.9,1.4
2024/3/3,8.3,0.4,0,990.1,5.8,18,4.2,809,0.8,1.1
2024/3/4,7.7,-0.4,4.2,989.4,12.1,37,0,312,0.5,0.8
2024/3/5,11.9,0,1.9,997.7,10.3,34,2.1,666,1.3,1.7
2024/3/6,9.7,-0.6,0,1007.6,10.8,25,5,903,0.9,1.4
2024/3/7,9,5.8,0,1006.7,12.9,26,4.9,1006,1.3,1.9
2024/3/8,7.3,3.8,0,997.5,14.5,30,0.5,406,1,1.4
2024/3/9,7.6,5,0.2,988.5,18,34,0,95,1,1.5
2024/3/10,8.4,6.2,2.7,990,11.8,26,0,114,0.7,0.9
2024/3/11,8.6,6.1,7.3,996.5,5.5,24,0,300,0.6,0.9
2024/3/12,14.5,6.4,0.8,992.7,9.3,33,1,674,1,1.4
2024/3/13,12.4,6.9,8.1,991.8,10.6,30,0.1,498,0.7,1.1
2024/3/14,14.9,6.5,7.5,987.8,10.4,29,1.2,555,1.1,1.6
2024/3/15,11.5,0.3,0.5,993.8,11.2,28,4.9,987,1,1.6
2024/3/16,13.1,-1,1.9,1002.4,8.1,27,0,323,0.7,1
2024/3/17,14.9,6.6,0,998,7,28,2.7,940,1.4,2
2024/3/18,12.4,6.9,0.5,995.6,10.5,31,4.1,733,1.1,1.6
2024/3/19,12.6,8.3,2,997.9,6.1,29,2.6,756,1.2,1.7
2024/3/20,10.9,2.6,5,1009.1,4.9,15,1.6,680,1,1.4
2024/3/21,13.4,4.9,1.4,1010.4,9.9,28,0.1,646,1.1,1.6
2024/3/22,11.1,3.5,0.2,1007.4,15.1,41,9.2,1482,1.5,2.6
2024/3/23,9.6,3.4,1.1,1003.2,17.5,39,5.9,1344,1.7,2.8
2024/3/24,10.3,3.3,1.9,996.7,10.4,24,1.3,947,1.1,1.8
2024/3/25,9.6,6.9,6.6,984.9,10.8,29,0,437,0.7,1.1
2024/3/26,9.4,5.7,6.9,974.5,10.4,25,1.1,443,0.9,1.3
2024/3/27,8.6,1.1,1.4,962.6,9.7,28,3.2,918,1,1.6
2024/3/28,9.9,0,3.2,963.1,5.1,21,6.7,1448,1.4,2.1
2024/3/29,11.6,0.9,0,970.8,6.5,17,3.1,906,1,1.4
2024/3/30,11.6,4.3,2,979.2,7.5,28,6.7,1056,1.5,2.1
2024/3/31,12.6,7,2.7,983,11.8,26,6,1515,1.8,2.8
2024/4/1,8.9,4.7,0.1,984,9.9,23,0,339,0.6,1
2024/4/2,12.1,0.6,0.3,988.3,7,20,7.3,1466,1.5,2.3
2024/4/3,12.2,6.4,10.4,986.9,9.8,23,1.4,1017,1.4,2.1
2024/4/4,10.9,6.9,5.9,985.1,9,21,0.6,708,0.9,1.4
2024/4/5,15.5,10.6,0.6,982.2,14,36,2.3,1089,1.5,1.9
2024/4/6,14.9,8.8,0.8,976.8,19,49,6,1397,2.2,3.6
2024/4/7,13.5,7.4,2.2,985.1,14.1,38,9.4,1682,2.6,3.9
2024/4/8,10,5.2,17.9,989,9,31,0,380,0.7,1.1
2024/4/9,11.9,4.8,2.5,1000.2,16.9,45,9.2,1806,2.4,3.9
2024/4/10,16.1,5.3,9.3,1006,9.8,27,0,499,1.3,1.8
2024/4/11,16.8,12.5,2.9,1011.5,9.5,27,2.9,1072,1.9,2.7
2024/4/12,16,11.8,0,1010.9,9.7,24,0.7,1029,1.8,2.6
2024/4/13,15.5,6,0.1,1008.8,12.5,39,7.9,1673,2.4,3.7
2024/4/14,12,5.1,2.6,1004.8,9.5,26,4,1293,1.8,2.7
2024/4/15,9.6,4.1,4.6,998.8,22.3,42,9.3,1882,1.8,3.6
2024/4/16,12.6,4.2,0.7,1008.3,13.5,32,9.3,2049,2.3,3.8
2024/4/17,8.5,1,2.1,1010.5,8.2,20,0.1,692,0.8,1.3
2024/4/18,13.2,1.3,0,1011.7,11.1,31,0.4,949,1.4,2.1
2024/4/19,13.5,1.2,0.6,1013.2,11,26,4,1241,1.5,2.4
2024/4/20,13.6,-0.8,0,1019,4.6,13,13.5,2310,2.4,3.5
2024/4/21,15.4,1.1,0,1021.7,4,15,13,2262,2.6,3.6
2024/4/22,12.3,2.4,0,1020.3,8.5,22,1.6,778,1.2,1.8
2024/4/23,14.2,4.5,0,1015.9,8.5,17,7.2,1708,2.4,3.4
2024/4/24,10.5,2.1,0,1007.8,5.9,13,1.6,1080,1.4,2.1
2024/4/25,10.9,0.7,0.8,997.5,7,18,2.6,1070,1.4,2.1
2024/4/26,10.5,-1.1,0,994.8,7.6,22,8.5,2109,2.1,3.3
2024/4/27,10.9,-1.2,0,996.3,8,23,8.8,1992,2.1,3.2
2024/4/28,13.2,-1.5,1.2,996.1,6.9,21,6.7,1614,2,2.9
2024/4/29,14.6,7.3,1.2,993,9.9,32,2.3,1287,2.1,3.1
2024/4/30,12,8.1,3.4,993,11.4,28,2.9,953,1.5,2.3
2024/5/1,13.4,5.6,1.2,998.7,7.6,21,7.1,2100,2.5,3.7
2024/5/2,16.3,7.3,4.2,997.1,8,27,3.8,1520,2.2,3.2
2024/5/3,15,9.7,0,997,6.3,15,0.9,1069,1.7,2.3
2024/5/4,12.3,9.5,0.1,997.7,6.4,18,0,372,1,1.3
2024/5/5,16.9,8.3,0,997.3,4.3,15,10.1,2469,3.3,4.6
2024/5/6,13.7,10.1,0.2,1003.3,7.3,18,0,512,1.2,1.6
2024/5/7,16,8.4,0,1012.7,5.5,14,3.8,1748,2.5,3.5
2024/5/8,17.1,10.2,0,1016.8,4.9,17,2.5,1507,2.5,3.3
2024/5/9,19,10.6,0,1015.3,4.5,12,9.8,2234,3.2,4.4
2024/5/10,21.4,9.2,0,1012.2,6.3,22,12,2230,3.6,4.9
2024/5/11,20.5,5.9,0,1008.2,6.4,20,12.5,2273,3.3,4.6
2024/5/12,20.2,9.6,1.5,999.8,5.3,18,7.9,1750,2.7,3.7
2024/5/13,13.1,9.4,6.4,990.3,10.1,30,0.2,332,0.6,1
2024/5/14,17,10.5,3.5,988.8,7.2,19,3.9,1652,2.5,3.6
2024/5/15,18.1,9.2,0.4,993.2,6.2,17,7.5,2059,2.9,4.1
2024/5/16,19.1,6.4,0.7,996.7,6.7,19,4.6,1816,2.5,3.6
2024/5/17,16.9,10.3,0.1,1000.5,7.2,19,1.5,1269,2.1,2.9
2024/5/18,19.1,9.4,0,1006.3,7.5,16,4.3,1149,2.1,2.9
2024/5/19,19.6,7.1,0,1007.6,6.1,19,12.4,2351,3.3,4.6
2024/5/20,20,8.2,0,1004.8,6.2,20,10.1,2479,3.3,4.8
2024/5/21,17.4,8.4,0,1001.6,6,16,5.4,2093,2.8,4
2024/5/22,16.5,10.1,0,1001.7,13.4,33,0.1,888,2,2.9
2024/5/23,13.9,9,0,1005.1,16.2,32,0.2,814,2.4,3.5
2024/5/24,12.8,8.4,2,1007.1,7.9,18,0.1,912,1.6,2.3
2024/5/25,15.5,10.3,1.6,1003.8,9.1,24,8.8,2306,3.3,4.9
2024/5/26,15.4,10.1,9.7,998.7,6.1,21,0.9,814,1.6,2.2
2024/5/27,16.7,8.6,0.5,1000.5,6.7,21,6,1824,2.8,3.9
2024/5/28,18.7,11.1,4.4,997,9.4,30,2.2,1432,2.6,3.7
2024/5/29,17.7,10.9,0.2,999.5,13,27,2.3,1490,2.8,4
2024/5/30,16,10.1,0.1,1007.7,14.9,30,3,1366,2.6,3.9
2024/5/31,18.9,7.7,0,1015.5,9.1,20,8.5,2392,3.6,5.2
2024/6/1,18.2,7.4,0,1019.7,6.3,15,9.7,2189,3.1,4.4
2024/6/2,20.3,5,0,1019,7.3,19,8.5,2127,3.2,4.6
2024/6/3,18.3,11.8,0,1011.3,10.2,20,0.5,1367,2.4,3.5
2024/6/4,16.6,6.9,1.4,1001.5,13.1,36,7.9,2108,3,4.8
2024/6/5,15.4,5.9,0.2,1004.2,12.7,26,8.3,2218,3.2,5
2024/6/6,16.2,6.1,0.2,1006.6,9.9,25,7.8,2156,3.2,4.7
2024/6/7,18.2,7.8,0,1005.7,10.3,29,3.7,1860,3.2,4.6
2024/6/8,17.1,8.5,0.8,1004.9,12,25,9.7,2550,3.9,5.9
2024/6/9,13.9,8.4,2.1,1003.3,13.8,29,1,1284,2.1,3.3
2024/6/10,16.3,5.5,0,1006.7,11.2,23,9.2,2262,3.2,5
2024/6/11,15.3,5.5,0,1012.1,9.3,21,4.4,1725,2.8,4
2024/6/12,15.1,3.6,0,1008.7,6.8,19,3.5,1665,2.4,3.4
2024/6/13,18,9.7,5.2,994.7,11.2,38,1.1,777,2,2.7
2024/6/14,17,9.8,2.2,986,7.2,25,7.9,2474,3.6,5.1
2024/6/15,15.2,6.4,2.8,986.9,6.4,20,5.4,1788,2.6,3.6
2024/6/16,19,6.4,1.8,992.3,8.8,23,10.5,2593,3.5,5.3
2024/6/17,17.5,8.8,0,1001.2,8.2,17,0.5,1117,2.2,3
2024/6/18,14.8,5.6,0.1,1009.5,10.2,22,0.1,1247,2.1,3.1
2024/6/19,18.6,4,0,1012.8,6,14,14.7,2664,3.7,5.2
2024/6/20,21.4,9.7,0,1008.2,6,15,6.7,2108,3.5,4.8
2024/6/21,19.9,11,1.6,999.8,7.3,24,2.5,1360,2.7,3.6
2024/6/22,19.3,9,0.2,1002.4,6.6,17,4.7,1969,2.9,4.1
2024/6/23,19,12.2,0,1007.8,7,16,10.5,2627,3.8,5.4
2024/6/24,25.6,16,0,1007.4,5,15,5.4,2027,3.9,5.1
2024/6/25,17.2,10.6,0,1007.9,6.5,19,0.1,573,1.2,1.6
2024/6/26,23,9.3,0,1001.7,6.4,21,7.3,2139,3.6,4.9
2024/6/27,16.8,11.8,2.3,996.2,12.9,34,4.4,1869,3,4.6
2024/6/28,18.2,10.8,0,1002.4,10.7,27,1.8,1686,3.3,4.6
2024/6/29,15.9,7.6,9.5,1004.3,5.8,16,2.6,934,1.5,2.2
2024/6/30,17.9,7.5,0,1006.8,10,19,2,1419,2.5,3.6
2024/7/1,18,9.8,1.6,1010.2,10.6,23,0.2,1187,1.9,2.9
2024/7/2,16.8,8.7,0,1007.5,7.8,20,0.1,1017,2.3,3
2024/7/3,19.6,9.7,0,997.8,13.2,37,5.9,2290,3.6,5.5
2024/7/4,17.8,8.8,0.2,997.2,14.3,37,9.1,2394,3.6,5.6
2024/7/5,17.4,9.3,2.1,994.1,7.7,21,5.6,1725,3,4.2
2024/7/6,17.6,8.7,0.4,993.3,11.8,24,9.3,2538,3.8,5.8
2024/7/7,17.6,10.1,0.3,998.7,6.3,17,5.5,2030,3.3,4.5
2024/7/8,17.5,6.7,0,1002.5,7.2,20,15.3,3038,3.7,5.5
2024/7/9,14,12.1,10.4,998.2,11.9,29,0,262,0.9,1.3
2024/7/10,15.4,11.4,3.3,1001.2,12.8,26,0.1,1076,1.7,2.7
2024/7/11,17,10.3,1.8,1009.5,12.2,24,4,1862,3,4.5
2024/7/12,16.4,9.2,0,1010.1,6.9,18,2.6,1206,2.2,3
2024/7/13,19.2,10.2,0.3,1005.6,5.2,14,7.2,2129,3.2,4.4
2024/7/14,19.4,10.5,0,1001.6,4.5,14,5,2121,3.1,4.2
2024/7/15,17.6,7.6,0.2,998.4,5.8,17,2,1389,2,2.9
2024/7/16,19.8,13,0,1002.2,9.1,21,4.1,1302,2.7,3.7
2024/7/17,21.9,11.5,0,1007.8,6.6,20,5.5,1634,3.2,4.3
2024/7/18,18.7,14.3,2,1006.4,6.5,14,0,493,1.4,1.8
2024/7/19,23,13.9,0,1002,7,24,4.1,1590,1.7,2
2024/7/20,18.3,9.7,4.1,996.6,7.6,22,0.2,792,1,1.3
2024/7/21,19.9,9.7,1.4,999.3,6.2,22,0.9,1274,2.4,3.2
2024/7/22,21.2,14.6,4.3,1000.2,6.9,19,0.8,1038,2.4,3.1
2024/7/23,20.1,12.1,0.2,1007.5,5.6,13,2.7,1665,2.8,3.8
2024/7/24,20.3,13.1,0.4,1005.5,5.3,16,0.3,1077,2,2.7
2024/7/25,19.8,12.5,1,997.7,8,27,3.4,1293,2.5,3.3
2024/7/26,20.1,11.3,2.2,998.9,7,24,4.2,1508,2.7,3.7
2024/7/27,20.3,12.3,0.3,1005.8,5.2,14,3.3,1347,2.5,3.3
2024/7/28,21.9,10.9,0,1013,6.5,17,9.8,2129,3.4,4.7
2024/7/29,22.5,12.8,1.2,1009.7,6,18,7.1,1798,3.3,4.4
2024/7/30,20.6,9.9,0,1010,5.9,15,11.1,2143,3.2,4.4
2024/7/31,20.9,8.1,0,1007,4.9,15,11.2,2455,3.5,4.8
2024/8/1,23,12,0,1003.5,5,14,5.2,1592,3,3.9
2024/8/2,22.7,12,0,999.2,8.9,28,2.3,1257,2.8,3.7
2024/8/3,19.5,9.9,0,1001.6,6.9,23,5,1760,2.9,4
2024/8/4,19.4,13,2,999.3,9.4,26,0.1,689,1.8,2.4
2024/8/5,23.9,11.9,1.2,994.3,10.5,33,3.7,1404,2.8,3.9
2024/8/6,21,10,0,995.5,8,27,7.8,1882,3.3,4.5
2024/8/7,20.5,12.9,0.4,998,9.4,27,3.2,1534,3.1,4.2
2024/8/8,21.3,13.4,0.5,996.2,8,26,0.2,831,1.8,2.5
2024/8/9,21.8,13.3,0,1000.4,11,30,10.1,2096,4,5.5
2024/8/10,22.5,10.2,0,1007.5,8.6,23,8.3,1778,3.2,4.3
2024/8/11,21.1,8.7,1.2,1004.1,7.8,20,8.6,1997,2.7,4
2024/8/12,22.1,15.6,0,995,9.8,27,9.7,2031,3.5,4.9
2024/8/13,22.3,8.3,0,997.3,10.9,27,3.6,1328,2.6,3.6
2024/8/14,21.3,7,0,1003,7.3,23,9.5,2039,3.2,4.4
2024/8/15,19.6,9.5,2.8,1000.1,10.2,27,2,1127,1.9,2.7
2024/8/16,18.9,9.6,0,1004.6,7,23,4.2,1534,2.8,3.7
2024/8/17,18.1,12.3,0,1002,7.3,21,0.3,1077,2.4,3.1
2024/8/18,19.7,11.2,0,1003.5,8.8,24,7.7,1725,3.1,4.2
2024/8/19,21.3,10.2,0.3,997,9.8,35,1.3,676,2,2.5
2024/8/20,17.7,10.5,2.9,998.2,12.5,34,9.3,1859,2.8,4.2
2024/8/21,18.3,10.6,0.5,996,12.4,35,0.7,826,1.9,2.6
2024/8/22,17.5,11.6,11.5,985.6,10.4,34,0.7,802,1.7,2.3
2024/8/23,17.7,9.9,7.8,983.5,11.2,40,6.8,1491,2.3,3.3
2024/8/24,17.8,9.7,1.6,995.2,10.8,28,9.9,1916,3,4.3
2024/8/25,17.5,9.7,0.2,1000.5,11.1,29,0.4,796,2,2.7
2024/8/26,18.9,13.2,0.1,1002,8.9,23,0.4,876,2,2.6
2024/8/27,22.1,14.6,2.5,998.6,10.6,34,4.5,1136,2.3,3.2
2024/8/28,20.3,11.4,1.1,1000.6,7.2,25,5.8,1257,2.4,3.2
2024/8/29,19.4,8.9,0,1007.3,8.5,23,8.9,1600,2.5,3.5
2024/8/30,18.2,4.4,0,1013.8,5.6,16,12.6,2047,2.5,3.6
2024/8/31,19.3,6.5,0,1012.4,6.8,18,11,1960,2.5,3.6
2024/9/1,18.5,10.1,0,1005.2,5.3,13,0.2,709,1.3,1.8
2024/9/2,16.3,8.5,6.5,1001.5,7,19,0,219,0.6,0.9
2024/9/3,17.4,6.4,0.3,1005.3,7.3,25,0.4,909,1.5,2.1
2024/9/4,16.6,8.4,4.7,1009.6,9.9,26,5.7,1283,2,2.9
2024/9/5,17.1,8.4,0.3,1009.6,13.7,32,0.7,914,1.4,2.2
2024/9/6,21.5,14.4,0,1004.2,12,24,7.7,1545,2.5,3.6
2024/9/7,21.4,10.9,0,1000.7,7.4,23,7.8,1535,2.2,3.1
2024/9/8,15.9,10.3,0,999.5,11.8,29,0.5,409,1.1,1.6
2024/9/9,17.3,9.5,0,1002.4,13.3,30,5.9,1395,2.4,3.4
2024/9/10,16.3,8.1,0.6,997.9,14.8,34,4,1145,2,3
2024/9/11,15.4,6.8,3.9,1002.8,12.8,31,7.8,1360,2.3,3.3
2024/9/12,14.5,2.1,0,1011.2,10.2,22,9.5,1545,2,2.9
2024/9/13,15.5,1.6,0,1016.8,6.7,22,1.7,1115,1.5,2.2
2024/9/14,18.3,12.6,0.2,1013.8,11.2,28,4.3,908,1.9,2.5
2024/9/15,18,7.7,1.3,1014.3,7.2,21,3.2,809,1.3,1.9
2024/9/16,19.4,6.8,0,1019.2,5.7,18,11.1,1648,2.1,3
2024/9/17,20.3,6.1,0,1021.8,5,15,10,1556,2,2.7
2024/9/18,19,6.3,0,1019.8,5.3,18,9.6,1547,1.8,2.5
2024/9/19,19,6.2,0,1017.5,6.3,21,11,1449,1.8,2.5
2024/9/20,15.7,10.1,0,1014.9,9.2,23,0.1,572,1,1.4
2024/9/21,15.8,13.7,4.3,1010.6,11.1,24,0,311,1.1,1.5
2024/9/22,14.8,13,0,1004.6,11.2,25,0,299,0.8,1.2
2024/9/23,13.9,10.8,0,998.7,8.1,16,0,234,0.9,1.1
2024/9/24,16,5.7,0,994.7,9.1,20,5.5,1182,1.7,2.4
2024/9/25,11.9,1.5,10.8,983.7,7.5,25,0.1,325,0.4,0.7
2024/9/26,13.4,8.3,9.5,980.5,12.3,37,0,327,1,1.4
2024/9/27,12.4,5.8,1.6,1000,12.2,33,8.4,1206,1.5,2.3
2024/9/28,13.5,5.2,0,1012.6,6,15,3.1,878,1.3,1.7
2024/9/29,13.4,6.2,6.7,1001.9,12.9,36,0.1,300,1.1,1.5
2024/9/30,13.3,8.7,8.9,997.2,9.6,19,1.9,442,0.9,1.3
2024/10/1,15,8.4,2.6,1005,10.7,22,9.1,1242,1.4,2.1
2024/10/2,15.6,10,0,1010.1,12.1,26,6.5,1064,1.6,2.3
2024/10/3,14.4,6.3,0,1010,8.7,22,8.9,1221,1.3,1.9
2024/10/4,15.5,12.4,0,1004.5,12.1,25,0.1,293,1.4,1.7
2024/10/5,14.7,11.9,1.6,994.8,13.3,33,0.3,452,1.3,1.7
2024/10/6,15.9,8.2,3.7,984.8,8,26,0.9,401,0.9,1.2
2024/10/7,18.7,9.6,5,981.3,6.9,23,4.2,794,1.3,1.7
2024/10/8,15.4,11.1,10.5,979.2,9,26,1.8,551,0.9,1.3
2024/10/9,12.9,8.1,1.1,986.5,13,27,0.3,378,0.8,1.2
2024/10/10,10.4,2.4,0.9,998.9,8.5,21,9,1061,1,1.4
2024/10/11,11.6,2.6,0,1003.5,5.5,14,7.2,993,1.1,1.5
2024/10/12,11.7,2.7,0.5,999.8,10.9,34,6.9,908,1.2,1.6
2024/10/13,10,2.1,0,1005.8,6.8,18,0.1,358,0.8,1.1
2024/10/14,13.6,5.8,0,1003.5,5.1,14,8.7,1021,1,1.4
2024/10/15,15.3,10.8,2.2,996.5,9.8,26,0.8,457,0.8,1.1
2024/10/16,17.3,11.5,6,988.2,4.9,17,0.1,364,0.7,0.9
2024/10/17,16.2,8.7,0.2,995.5,8,24,6.3,787,1,1.3
2024/10/18,17.3,8.3,3.4,995.6,8.8,33,0,170,1,1.2
2024/10/19,15.3,9.3,0,996.7,7.5,31,7.3,795,1.2,1.5
2024/10/20,15.9,11,1.5,987.9,19.7,54,6,774,1.8,2.4
2024/10/21,15,9.4,0,1001.9,10.6,28,7.6,878,1.3,1.7
2024/10/22,16.1,7.7,0,1013.3,4.9,19,4.4,676,0.8,1.1
2024/10/23,14.9,5.6,0,1012.5,7.4,25,4.8,585,0.9,1.1
2024/10/24,16.5,12.5,0.1,1001.3,10.8,29,0.3,216,1.4,1.7
2024/10/25,14.9,5.3,3.5,1000,7.2,23,2.2,392,0.4,0.6
2024/10/26,13.6,4.3,0.8,1004.9,6.8,28,2.1,433,0.6,0.8
2024/10/27,14.6,3.9,3.1,1007.8,9,26,0.1,227,0.6,0.8
2024/10/28,14.7,11.2,1.1,1007.8,8.6,21,0.5,329,0.6,0.8
2024/10/29,11.5,9.5,0,1015.1,7.1,15,0.9,374,0.5,0.7
2024/10/30,15,9.6,0,1018.7,4.2,13,4.2,569,0.6,0.8
2024/10/31,11.2,9.8,0,1015.8,6.9,16,0.2,237,0.6,0.8
2024/11/1,12,10.2,0,1016.1,5.1,20,0,150,0.7,0.8
2024/11/2,12,9.9,0.4,1019.6,3.5,11,0,135,0.5,0.6
2024/11/3,12.9,9.9,0.1,1017.3,4.1,14,0,122,0.5,0.6
2024/11/4,12.6,10.1,0.2,1013.5,5.7,14,0,200,0.6,0.8
2024/11/5,13.8,9.1,0.1,1010.8,5.1,13,0.1,115,0.6,0.7
2024/11/6,17.1,12.6,0,1015.3,7,18,2.5,444,0.5,0.7
2024/11/7,15.2,12,0,1015.8,9.8,23,0.5,108,0.9,1.1
2024/11/8,12.9,10.5,0.2,1013.2,9.1,20,0.1,92,0.7,0.9
2024/11/9,11.8,10,0.2,1012,6.5,17,0,121,0.4,0.6
2024/11/10,14.5,6,1.6,1017.8,6.2,18,0,238,0.4,0.5
2024/11/11,10.7,1.7,0,1027.3,4.8,10,4.6,376,0.2,0.3
2024/11/12,10.7,0.5,0,1030,4.9,9,4.7,414,0.2,0.3
2024/11/13,8.7,0.7,0,1027.6,8,14,0.5,349,0.1,0.2
2024/11/14,13.1,8.5,0.3,1023.4,4,16,0,113,0.3,0.4
2024/11/15,13.1,10.6,1.5,1015.5,5.2,15,0.7,208,0.4,0.5
2024/11/16,10.9,6,1,1009.3,9.2,19,1.1,306,0.3,0.4
2024/11/17,9.9,5.9,2.6,1005.5,8,23,0.2,181,0.5,0.6
2024/11/18,6.5,0.7,15.4,996.7,8.2,24,0,85,0.2,0.3
2024/11/19,5.1,-1.3,11.8,994.7,9.6,25,0,143,0.4,0.6
2024/11/20,5.1,-1.6,0,1001.4,8.4,19,6,485,0.3,0.4
2024/11/21,2.6,-0.6,0,995.2,9.7,29,3,297,0.4,0.6
2024/11/22,4.6,-0.5,0,997,10.2,27,6.3,411,0.4,0.5
2024/11/23,15.7,3.6,16.9,980.8,16.7,42,0.1,157,1,1.3
2024/11/24,15.1,7.5,0.8,970.4,16.2,40,3.6,301,1,1.1
2024/11/25,8.3,2.6,0,985.7,10,26,3.8,319,0.4,0.4
2024/11/26,7.8,-1.9,0,1000.8,5.4,16,7.3,406,0.2,0.2
2024/11/27,6.2,-3.3,0,1008.4,5.4,13,6.7,385,0.1,0.1
2024/11/28,11.3,-4.1,0.5,1011,13,33,0,130,0.4,0.6
2024/11/29,14.2,10.9,0.2,1005.1,12.8,28,0,67,0.9,1.1
2024/11/30,15.8,11.8,0.4,1001.8,10.2,31,0.8,209,0.8,0.9
2024/12/1,13.8,8,0.5,996.8,9.1,26,2.8,261,0.4,0.5
2024/12/2,8.4,-0.9,0.4,1005,12.4,28,6.8,360,0.1,0.1
2024/12/3,8.4,-4.3,0.6,1011.1,5.1,19,3.5,284,0,0.1
2024/12/4,13.1,1.3,2.5,1004.1,9.3,36,0,88,0.5,0.6
2024/12/5,12.1,4.4,9.5,994.2,12.3,42,0.1,47,0.6,0.8
2024/12/6,13.5,3.5,3.7,988.5,11,33,0,42,0.8,1
2024/12/7,10.2,4.1,8.1,992.9,29.2,61,3.5,273,0.8,1.1
2024/12/8,7.4,3,0,1021.9,13.9,32,5.7,345,0.7,0.8
2024/12/9,6.6,3.4,0.1,1029.8,10.1,21,0.2,98,0.5,0.7
2024/12/10,6.9,3.2,0,1028.3,7.8,20,0.1,147,0.6,0.7
2024/12/11,6.4,4.5,0,1025.2,7.1,19,0,79,0.7,0.9
2024/12/12,5.4,3.9,0,1021.7,3.8,10,0,99,0.4,0.6
2024/12/13,5.8,3.4,0,1016.6,6.8,16,0,130,0.3,0.4
2024/12/14,10.4,1.3,0.3,1013.7,10.6,27,0.9,170,0.2,0.3
2024/12/15,12.3,8.9,0,1014.8,15.4,34,0.3,214,0.5,0.6
2024/12/16,10.5,6.9,0,1015.2,9.8,26,0.1,99,0.6,0.7
2024/12/17,14.4,6.9,0.6,1000,11.9,33,0,47,0.8,1
2024/12/18,13.8,3.5,0.9,987.8,12.2,37,0.1,98,0.6,0.8
2024/12/19,5.8,1.9,0,1002.6,13.9,28,6.3,293,0.5,0.5
2024/12/20,9.8,3,1,1005.5,10.6,30,1,178,0.5,0.6
2024/12/21,11.5,3.4,1.3,998.8,18,40,2.5,213,0.6,0.8
2024/12/22,6.7,0.7,3.4,1004.4,17.9,42,5.1,263,0.8,0.9
2024/12/23,12,2.7,0.4,1013.1,10.3,23,0.3,111,0.4,0.5
2024/12/24,12.1,10.7,0,1013.8,8.7,24,0,93,0.5,0.6
2024/12/25,11.1,8,0,1018.5,7.1,21,0.1,111,0.5,0.6
2024/12/26,10.1,6.9,0,1021.8,3.6,15,0.8,173,0.2,0.3
2024/12/27,10,7.1,0.1,1020.2,3.7,13,0.3,154,0.2,0.3
2024/12/28,9.7,7.7,0,1017.5,5.9,17,3.3,222,0.2,0.2
2024/12/29,10.3,6.9,0.1,1016.1,10.2,28,0.8,166,0.5,0.6
2024/12/30,10.2,7.9,0,1010.5,12.3,29,0.5,178,0.8,0.9
2024/12/31,11,6.7,12.2,999.7,14.8,39,0,63,0.5,0.7
